,email,gender,id,stepId,answerValue,answerId,answerTypeId,Country,Region,question_questions,answer_answers
0,emilija+100_L8gA@bss.mk,F,67b70a9f2d21f543a1096602,5c8a78336d41a10da4f730fd,,5c8a78336d41a10da4f73100,Answer,Russia,Komi Republic,Reason for Attending the Event,To obtain general information
1,emilija+3_CmwU@bss.com.mk,F,67b46946197e604dd2722d5d,5c8a78336d41a10da4f730fd,,5c8a78336d41a10da4f73100,Answer,Russia,Saint Petersburg,Reason for Attending the Event,To obtain general information
2,daniela.p+200_IzcX@bss.com.mk,F,67b47714197e604dd2722d69,5c8a78336d41a10da4f730fd,,5c8a78336d41a10da4f73100,Answer,Russia,Moscow,Reason for Attending the Event,To obtain general information
3,aleksandar.dimkov+mb1_Xc8j@bss.com.mk,M,67b484a9197e604dd2722d72,5c8a78336d41a10da4f730fd,,5c8a78336d41a10da4f73100,Answer,Russia,Moscow,Reason for Attending the Event,To obtain general information
4,emilija+101_jj3C@bss.com.mk,F,67b709442d21f543a10965fe,5c8a78336d41a10da4f730fd,,5c8a78336d41a10da4f73100,Answer,Russia,Kamchatka Region,Reason for Attending the Event,To obtain general information
5,emilija+100_L8gA_Ur8T@bss.mk,F,fs2j657x3gpu9hs8v3vuvgz0,5c8a78336d41a10da4f730fd,,5c8a78336d41a10da4f73100,Answer,Russia,Komi Republic,Reason for Attending the Event,To obtain general information
6,aleksandar.dimkov+mb1_Xc8j_kuh8@bss.com.mk,F,xodwfemcnbuqzq632xnlrxt6,5c8a78336d41a10da4f730fd,,5c8a78336d41a10da4f73100,Answer,Russia,Moscow,Reason for Attending the Event,To obtain general information
7,daniela.p+200_IzcX_T1OA@bss.com.mk,M,5k1w1e9g4pqtjq6kaswik438,5c8a78336d41a10da4f730fd,,5c8a78336d41a10da4f73100,Answer,Russia,Moscow,Reason for Attending the Event,To obtain general information
8,daniela.p+200_IzcX_pGIR@bss.com.mk,F,jucfn0c2jtisba29n87e4evt,5c8a78336d41a10da4f730fd,,5c8a78336d41a10da4f73100,Answer,Russia,Moscow,Reason for Attending the Event,To obtain general information
9,emilija+3_CmwU_XhuG@bss.com.mk,M,ktctiej7lv5fikf9ej8tbbdc,5c8a78336d41a10da4f730fd,,5c8a78336d41a10da4f73100,Answer,Russia,Saint Petersburg,Reason for Attending the Event,To obtain general information
10,emilija+101_jj3C_nsLJ@bss.com.mk,M,u5wwl65fybur92b90c3hswao,5c8a78336d41a10da4f730fd,,5c8a78336d41a10da4f73100,Answer,Russia,Kamchatka Region,Reason for Attending the Event,To obtain general information
11,emilija+3_CmwU_xccV@bss.com.mk,F,bcmmerckywgc6llx4kxyr1le,5c8a78336d41a10da4f730fd,,5c8a78336d41a10da4f73100,Answer,Russia,Saint Petersburg,Reason for Attending the Event,To obtain general information
12,emilija+101_jj3C_5KuG@bss.com.mk,F,4877yd3ywtavsxe5acy4vby2,5c8a78336d41a10da4f730fd,,5c8a78336d41a10da4f73100,Answer,Russia,Kamchatka Region,Reason for Attending the Event,To obtain general information
13,emilija+101_jj3C_g3J8@bss.com.mk,M,i6uv2n0jfrqxhuh90fl90cfv,5c8a78336d41a10da4f730fd,,5c8a78336d41a10da4f73100,Answer,Russia,Kamchatka Region,Reason for Attending the Event,To obtain general information
14,emilija+100_L8gA_7JBa@bss.mk,F,nvark7mbo9mzipyrs3b05ni5,5c8a78336d41a10da4f730fd,,5c8a78336d41a10da4f73100,Answer,Russia,Komi Republic,Reason for Attending the Event,To obtain general information
15,emilija+3_CmwU_NYnU@bss.com.mk,F,d06cnxqs2ghe6egg635797eb,5c8a78336d41a10da4f730fd,,5c8a78336d41a10da4f73100,Answer,Russia,Saint Petersburg,Reason for Attending the Event,To obtain general information
16,emilija+3_CmwU_F2JI@bss.com.mk,F,5uytvy9crand6h03ox1elvuc,5c8a78336d41a10da4f730fd,,5c8a78336d41a10da4f73100,Answer,Russia,Saint Petersburg,Reason for Attending the Event,To obtain general information
17,emilija+100_L8gA_JDxN@bss.mk,M,5od7hl76u671o8mjes1qxwsk,5c8a78336d41a10da4f730fd,,5c8a78336d41a10da4f73100,Answer,Russia,Komi Republic,Reason for Attending the Event,To obtain general information
18,aleksandar.dimkov+mb1_Xc8j_vvSH@bss.com.mk,M,y67npjis9odvv7cgl9867epq,5c8a78336d41a10da4f730fd,,5c8a78336d41a10da4f73100,Answer,Russia,Moscow,Reason for Attending the Event,To obtain general information
19,emilija+3_CmwU_tbhk@bss.com.mk,M,gvlehw939njjmi3fs5c43a7p,5c8a78336d41a10da4f730fd,,5c8a78336d41a10da4f73100,Answer,Russia,Saint Petersburg,Reason for Attending the Event,To obtain general information
20,daniela.p+200_IzcX_vB6s@bss.com.mk,M,y10ilgiji2mozv41r1uvfwo2,5c8a78336d41a10da4f730fd,,5c8a78336d41a10da4f73100,Answer,Russia,Moscow,Reason for Attending the Event,To obtain general information
21,emilija+101_jj3C_mXlu@bss.com.mk,F,j4pb9w5u35nzubtiagk5a61l,5c8a78336d41a10da4f730fd,,5c8a78336d41a10da4f73100,Answer,Russia,Kamchatka Region,Reason for Attending the Event,To obtain general information
22,daniela.p+200_IzcX_QOfF@bss.com.mk,M,uud1nluegdqmisnfzpg75iqg,5c8a78336d41a10da4f730fd,,5c8a78336d41a10da4f73100,Answer,Russia,Moscow,Reason for Attending the Event,To obtain general information
23,daniela.p+200_IzcX_CIHU@bss.com.mk,M,mv0j9yovwhgmtif9l1naciko,5c8a78336d41a10da4f730fd,,5c8a78336d41a10da4f73100,Answer,Russia,Moscow,Reason for Attending the Event,To obtain general information
24,emilija+100_L8gA@bss.mk,F,67b70a9f2d21f543a1096602,5c8a78336d41a10da4f73225,,5c8a78336d41a10da4f73244,Answer,Russia,Komi Republic,Which of the following best describes your job function?,Media
25,emilija+100_zbmO@bss.com.mk,F,67b47738197e604dd2722d6b,5c8a78336d41a10da4f73225,,5c8a78336d41a10da4f73244,Answer,Russia,Kamchatka Region,Which of the following best describes your job function?,Media
26,emilija+100_L8gA_Ur8T@bss.mk,F,fs2j657x3gpu9hs8v3vuvgz0,5c8a78336d41a10da4f73225,,5c8a78336d41a10da4f73244,Answer,Russia,Komi Republic,Which of the following best describes your job function?,Media
27,emilija+100_zbmO_xln3@bss.com.mk,F,zcf116neh1ny42asu75xy0h2,5c8a78336d41a10da4f73225,,5c8a78336d41a10da4f73244,Answer,Russia,Kamchatka Region,Which of the following best describes your job function?,Media
28,emilija+100_L8gA_7JBa@bss.mk,F,nvark7mbo9mzipyrs3b05ni5,5c8a78336d41a10da4f73225,,5c8a78336d41a10da4f73244,Answer,Russia,Komi Republic,Which of the following best describes your job function?,Media
29,emilija+100_L8gA_JDxN@bss.mk,M,5od7hl76u671o8mjes1qxwsk,5c8a78336d41a10da4f73225,,5c8a78336d41a10da4f73244,Answer,Russia,Komi Republic,Which of the following best describes your job function?,Media
30,emilija+100_zbmO_lsjt@bss.com.mk,M,ip5ylx2a6dts3f5lak2q2mi3,5c8a78336d41a10da4f73225,,5c8a78336d41a10da4f73244,Answer,Russia,Kamchatka Region,Which of the following best describes your job function?,Media
31,emilija+100_zbmO_4ZQ4@bss.com.mk,M,ifuk295cot2nvgcd9m6ees78,5c8a78336d41a10da4f73225,,5c8a78336d41a10da4f73244,Answer,Russia,Kamchatka Region,Which of the following best describes your job function?,Media
32,emilija+100_L8gA@bss.mk,F,67b70a9f2d21f543a1096602,5c8a78336d41a10da4f73252,,5c8a78336d41a10da4f73291,Answer,Russia,Komi Republic,Please indicate your company's main area of business,Travel Agent
33,daniela.p+150_YhiF@bss.com.mk,F,67b44fef197e604dd2722d3d,5c8a78336d41a10da4f73252,,5c8a78336d41a10da4f73291,Answer,North Macedonia,,Please indicate your company's main area of business,Travel Agent
34,tanja+182_jiPa@bss.com.mk,F,67b45018197e604dd2722d3e,5c8a78336d41a10da4f73252,,5c8a78336d41a10da4f73291,Answer,Russia,Ivanovo Region,Please indicate your company's main area of business,Travel Agent
35,emilija+3_CmwU@bss.com.mk,F,67b46946197e604dd2722d5d,5c8a78336d41a10da4f73252,,5c8a78336d41a10da4f73291,Answer,Russia,Saint Petersburg,Please indicate your company's main area of business,Travel Agent
36,tatjana+182_N1PC@bss.mk,F,67b46049197e604dd2722d4a,5c8a78336d41a10da4f73252,,5c8a78336d41a10da4f73291,Answer,Russia,Moscow Region,Please indicate your company's main area of business,Travel Agent
37,emilija+2_02Wi@bss.com.mk,F,67b46590197e604dd2722d5a,5c8a78336d41a10da4f73252,,5c8a78336d41a10da4f73291,Answer,Russia,Leningrad Region,Please indicate your company's main area of business,Travel Agent
38,daniela.p+200_IzcX@bss.com.mk,F,67b47714197e604dd2722d69,5c8a78336d41a10da4f73252,,5c8a78336d41a10da4f73291,Answer,Russia,Moscow,Please indicate your company's main area of business,Travel Agent
39,emilija+100_zbmO@bss.com.mk,F,67b47738197e604dd2722d6b,5c8a78336d41a10da4f73252,,5c8a78336d41a10da4f73291,Answer,Russia,Kamchatka Region,Please indicate your company's main area of business,Travel Agent
40,emilija+101_jj3C@bss.com.mk,F,67b709442d21f543a10965fe,5c8a78336d41a10da4f73252,,5c8a78336d41a10da4f73291,Answer,Russia,Kamchatka Region,Please indicate your company's main area of business,Travel Agent
41,daniela.p+202_Rw2b@bss.com.mk,F,67b70c7a2d21f543a1096605,5c8a78336d41a10da4f73252,,5c8a78336d41a10da4f73291,Answer,Russia,Moscow,Please indicate your company's main area of business,Travel Agent
42,emilija+01_I7vH@bss.com.mk,F,67b46415197e604dd2722d55,5c8a78336d41a10da4f73252,,5c8a78336d41a10da4f73291,Answer,Russia,Amur Region,Please indicate your company's main area of business,Travel Agent
43,tanja+242_B3fl@bss.com.mk,F,67bcb979966b8de398095c90,5c8a78336d41a10da4f73252,,5c8a78336d41a10da4f73291,Answer,North Macedonia,,Please indicate your company's main area of business,Travel Agent
44,emilija+100_L8gA_Ur8T@bss.mk,F,fs2j657x3gpu9hs8v3vuvgz0,5c8a78336d41a10da4f73252,,5c8a78336d41a10da4f73291,Answer,Russia,Komi Republic,Please indicate your company's main area of business,Travel Agent
45,tanja+182_jiPa_jNR0@bss.com.mk,M,fi1h2gygfcwed97ls0e0c31v,5c8a78336d41a10da4f73252,,5c8a78336d41a10da4f73291,Answer,Russia,Ivanovo Region,Please indicate your company's main area of business,Travel Agent
46,daniela.p+202_Rw2b_0LXC@bss.com.mk,M,xy1nr3sp1vp7r17vtxyg683k,5c8a78336d41a10da4f73252,,5c8a78336d41a10da4f73291,Answer,Russia,Moscow,Please indicate your company's main area of business,Travel Agent
47,emilija+2_02Wi_QBD0@bss.com.mk,M,fnj1fly0ua1tiuvc9pvp5m3r,5c8a78336d41a10da4f73252,,5c8a78336d41a10da4f73291,Answer,Russia,Leningrad Region,Please indicate your company's main area of business,Travel Agent
48,daniela.p+200_IzcX_T1OA@bss.com.mk,M,5k1w1e9g4pqtjq6kaswik438,5c8a78336d41a10da4f73252,,5c8a78336d41a10da4f73291,Answer,Russia,Moscow,Please indicate your company's main area of business,Travel Agent
49,daniela.p+200_IzcX_pGIR@bss.com.mk,F,jucfn0c2jtisba29n87e4evt,5c8a78336d41a10da4f73252,,5c8a78336d41a10da4f73291,Answer,Russia,Moscow,Please indicate your company's main area of business,Travel Agent
50,daniela.p+202_Rw2b_MtGK@bss.com.mk,F,7z4ymlbvgu3ct7w8qjeaycts,5c8a78336d41a10da4f73252,,5c8a78336d41a10da4f73291,Answer,Russia,Moscow,Please indicate your company's main area of business,Travel Agent
51,emilija+01_I7vH_TpD9@bss.com.mk,M,je2onetovfvjq9eheqd1innr,5c8a78336d41a10da4f73252,,5c8a78336d41a10da4f73291,Answer,Russia,Amur Region,Please indicate your company's main area of business,Travel Agent
52,emilija+3_CmwU_XhuG@bss.com.mk,M,ktctiej7lv5fikf9ej8tbbdc,5c8a78336d41a10da4f73252,,5c8a78336d41a10da4f73291,Answer,Russia,Saint Petersburg,Please indicate your company's main area of business,Travel Agent
53,daniela.p+150_YhiF_SxIe@bss.com.mk,F,7ibrdat3zwe6vjvb0sv29jks,5c8a78336d41a10da4f73252,,5c8a78336d41a10da4f73291,Answer,North Macedonia,,Please indicate your company's main area of business,Travel Agent
54,emilija+01_I7vH_AxF5@bss.com.mk,M,tcnfl4z60xouv3fk3w66wtcc,5c8a78336d41a10da4f73252,,5c8a78336d41a10da4f73291,Answer,Russia,Amur Region,Please indicate your company's main area of business,Travel Agent
55,emilija+101_jj3C_nsLJ@bss.com.mk,M,u5wwl65fybur92b90c3hswao,5c8a78336d41a10da4f73252,,5c8a78336d41a10da4f73291,Answer,Russia,Kamchatka Region,Please indicate your company's main area of business,Travel Agent
56,emilija+2_02Wi_sEkD@bss.com.mk,M,aldevuzj7ns6u2d627eq2q5g,5c8a78336d41a10da4f73252,,5c8a78336d41a10da4f73291,Answer,Russia,Leningrad Region,Please indicate your company's main area of business,Travel Agent
57,emilija+3_CmwU_xccV@bss.com.mk,F,bcmmerckywgc6llx4kxyr1le,5c8a78336d41a10da4f73252,,5c8a78336d41a10da4f73291,Answer,Russia,Saint Petersburg,Please indicate your company's main area of business,Travel Agent
58,emilija+100_zbmO_xln3@bss.com.mk,F,zcf116neh1ny42asu75xy0h2,5c8a78336d41a10da4f73252,,5c8a78336d41a10da4f73291,Answer,Russia,Kamchatka Region,Please indicate your company's main area of business,Travel Agent
59,daniela.p+202_Rw2b_20IK@bss.com.mk,M,8iqywq3m81tjxwfrd0jijyth,5c8a78336d41a10da4f73252,,5c8a78336d41a10da4f73291,Answer,Russia,Moscow,Please indicate your company's main area of business,Travel Agent
60,tanja+182_jiPa_MVxX@bss.com.mk,M,e8bxsksz9xo25tg7tvo7z2ho,5c8a78336d41a10da4f73252,,5c8a78336d41a10da4f73291,Answer,Russia,Ivanovo Region,Please indicate your company's main area of business,Travel Agent
61,tanja+182_jiPa_ARQM@bss.com.mk,M,aq4v0kee568ttej8iiemf43d,5c8a78336d41a10da4f73252,,5c8a78336d41a10da4f73291,Answer,Russia,Ivanovo Region,Please indicate your company's main area of business,Travel Agent
62,emilija+101_jj3C_5KuG@bss.com.mk,F,4877yd3ywtavsxe5acy4vby2,5c8a78336d41a10da4f73252,,5c8a78336d41a10da4f73291,Answer,Russia,Kamchatka Region,Please indicate your company's main area of business,Travel Agent
63,tatjana+182_N1PC_oo6l@bss.mk,F,o1qflq1vwy0ysoicvlsg1ftt,5c8a78336d41a10da4f73252,,5c8a78336d41a10da4f73291,Answer,Russia,Moscow Region,Please indicate your company's main area of business,Travel Agent
64,daniela.p+202_Rw2b_ZF2k@bss.com.mk,M,wzh3p4rs1362l62x4dh2dikd,5c8a78336d41a10da4f73252,,5c8a78336d41a10da4f73291,Answer,Russia,Moscow,Please indicate your company's main area of business,Travel Agent
65,daniela.p+150_YhiF_NqPH@bss.com.mk,M,azs5ghtuwudyxwstbltb0xiz,5c8a78336d41a10da4f73252,,5c8a78336d41a10da4f73291,Answer,North Macedonia,,Please indicate your company's main area of business,Travel Agent
66,emilija+101_jj3C_g3J8@bss.com.mk,M,i6uv2n0jfrqxhuh90fl90cfv,5c8a78336d41a10da4f73252,,5c8a78336d41a10da4f73291,Answer,Russia,Kamchatka Region,Please indicate your company's main area of business,Travel Agent
67,emilija+100_L8gA_7JBa@bss.mk,F,nvark7mbo9mzipyrs3b05ni5,5c8a78336d41a10da4f73252,,5c8a78336d41a10da4f73291,Answer,Russia,Komi Republic,Please indicate your company's main area of business,Travel Agent
68,tanja+182_jiPa_5IoL@bss.com.mk,M,35d97gdotgwa5lwpd0vs7k0h,5c8a78336d41a10da4f73252,,5c8a78336d41a10da4f73291,Answer,Russia,Ivanovo Region,Please indicate your company's main area of business,Travel Agent
69,emilija+3_CmwU_NYnU@bss.com.mk,F,d06cnxqs2ghe6egg635797eb,5c8a78336d41a10da4f73252,,5c8a78336d41a10da4f73291,Answer,Russia,Saint Petersburg,Please indicate your company's main area of business,Travel Agent
70,emilija+01_I7vH_eEKa@bss.com.mk,M,rns6tfx45xfd4zrrzjufi688,5c8a78336d41a10da4f73252,,5c8a78336d41a10da4f73291,Answer,Russia,Amur Region,Please indicate your company's main area of business,Travel Agent
71,emilija+3_CmwU_F2JI@bss.com.mk,F,5uytvy9crand6h03ox1elvuc,5c8a78336d41a10da4f73252,,5c8a78336d41a10da4f73291,Answer,Russia,Saint Petersburg,Please indicate your company's main area of business,Travel Agent
72,tanja+182_jiPa_H11i@bss.com.mk,F,fs5gjd2k2z3o2gif5gni04rs,5c8a78336d41a10da4f73252,,5c8a78336d41a10da4f73291,Answer,Russia,Ivanovo Region,Please indicate your company's main area of business,Travel Agent
73,emilija+100_L8gA_JDxN@bss.mk,M,5od7hl76u671o8mjes1qxwsk,5c8a78336d41a10da4f73252,,5c8a78336d41a10da4f73291,Answer,Russia,Komi Republic,Please indicate your company's main area of business,Travel Agent
74,emilija+100_zbmO_lsjt@bss.com.mk,M,ip5ylx2a6dts3f5lak2q2mi3,5c8a78336d41a10da4f73252,,5c8a78336d41a10da4f73291,Answer,Russia,Kamchatka Region,Please indicate your company's main area of business,Travel Agent
75,daniela.p+202_Rw2b_Oi3B@bss.com.mk,M,sou8pmpid2soba8goi4y1p5x,5c8a78336d41a10da4f73252,,5c8a78336d41a10da4f73291,Answer,Russia,Moscow,Please indicate your company's main area of business,Travel Agent
76,emilija+100_zbmO_4ZQ4@bss.com.mk,M,ifuk295cot2nvgcd9m6ees78,5c8a78336d41a10da4f73252,,5c8a78336d41a10da4f73291,Answer,Russia,Kamchatka Region,Please indicate your company's main area of business,Travel Agent
77,tanja+182_jiPa_Nfsx@bss.com.mk,F,6k29ezb4owiomwpfb12502zq,5c8a78336d41a10da4f73252,,5c8a78336d41a10da4f73291,Answer,Russia,Ivanovo Region,Please indicate your company's main area of business,Travel Agent
78,tanja+182_jiPa_YaEw@bss.com.mk,F,rh5y4efxr5rhh3m5u178w86t,5c8a78336d41a10da4f73252,,5c8a78336d41a10da4f73291,Answer,Russia,Ivanovo Region,Please indicate your company's main area of business,Travel Agent
79,emilija+3_CmwU_tbhk@bss.com.mk,M,gvlehw939njjmi3fs5c43a7p,5c8a78336d41a10da4f73252,,5c8a78336d41a10da4f73291,Answer,Russia,Saint Petersburg,Please indicate your company's main area of business,Travel Agent
80,daniela.p+200_IzcX_vB6s@bss.com.mk,M,y10ilgiji2mozv41r1uvfwo2,5c8a78336d41a10da4f73252,,5c8a78336d41a10da4f73291,Answer,Russia,Moscow,Please indicate your company's main area of business,Travel Agent
81,emilija+101_jj3C_mXlu@bss.com.mk,F,j4pb9w5u35nzubtiagk5a61l,5c8a78336d41a10da4f73252,,5c8a78336d41a10da4f73291,Answer,Russia,Kamchatka Region,Please indicate your company's main area of business,Travel Agent
82,daniela.p+150_YhiF_OH5e@bss.com.mk,M,gultwxcgf4l0k3psuryptsg2,5c8a78336d41a10da4f73252,,5c8a78336d41a10da4f73291,Answer,North Macedonia,,Please indicate your company's main area of business,Travel Agent
83,emilija+2_02Wi_UXK5@bss.com.mk,F,qy1d6nap87vjj61bqyu9ru50,5c8a78336d41a10da4f73252,,5c8a78336d41a10da4f73291,Answer,Russia,Leningrad Region,Please indicate your company's main area of business,Travel Agent
84,daniela.p+200_IzcX_QOfF@bss.com.mk,M,uud1nluegdqmisnfzpg75iqg,5c8a78336d41a10da4f73252,,5c8a78336d41a10da4f73291,Answer,Russia,Moscow,Please indicate your company's main area of business,Travel Agent
85,daniela.p+200_IzcX_CIHU@bss.com.mk,M,mv0j9yovwhgmtif9l1naciko,5c8a78336d41a10da4f73252,,5c8a78336d41a10da4f73291,Answer,Russia,Moscow,Please indicate your company's main area of business,Travel Agent
86,emilija+100_L8gA@bss.mk,F,67b70a9f2d21f543a1096602,5c8a78336d41a10da4f7336c,,5c8a78336d41a10da4f73371,Answer,Russia,Komi Republic,What role do you play in the purchasing decision making process?,No influence
87,3990147_SeNs@gmail.com,M,67b5e0f7774d9e718c7541db,5c8a78336d41a10da4f7336c,,5c8a78336d41a10da4f73371,Answer,Somalia,,What role do you play in the purchasing decision making process?,No influence
88,emilija+3_CmwU@bss.com.mk,F,67b46946197e604dd2722d5d,5c8a78336d41a10da4f7336c,,5c8a78336d41a10da4f73371,Answer,Russia,Saint Petersburg,What role do you play in the purchasing decision making process?,No influence
89,emilija+2_02Wi@bss.com.mk,F,67b46590197e604dd2722d5a,5c8a78336d41a10da4f7336c,,5c8a78336d41a10da4f73371,Answer,Russia,Leningrad Region,What role do you play in the purchasing decision making process?,No influence
90,emilija+100_zbmO@bss.com.mk,F,67b47738197e604dd2722d6b,5c8a78336d41a10da4f7336c,,5c8a78336d41a10da4f73371,Answer,Russia,Kamchatka Region,What role do you play in the purchasing decision making process?,No influence
91,emilija+101_jj3C@bss.com.mk,F,67b709442d21f543a10965fe,5c8a78336d41a10da4f7336c,,5c8a78336d41a10da4f73371,Answer,Russia,Kamchatka Region,What role do you play in the purchasing decision making process?,No influence
92,emilija+01_I7vH@bss.com.mk,F,67b46415197e604dd2722d55,5c8a78336d41a10da4f7336c,,5c8a78336d41a10da4f73371,Answer,Russia,Amur Region,What role do you play in the purchasing decision making process?,No influence
93,emilija+100_L8gA_Ur8T@bss.mk,F,fs2j657x3gpu9hs8v3vuvgz0,5c8a78336d41a10da4f7336c,,5c8a78336d41a10da4f73371,Answer,Russia,Komi Republic,What role do you play in the purchasing decision making process?,No influence
94,emilija+2_02Wi_QBD0@bss.com.mk,M,fnj1fly0ua1tiuvc9pvp5m3r,5c8a78336d41a10da4f7336c,,5c8a78336d41a10da4f73371,Answer,Russia,Leningrad Region,What role do you play in the purchasing decision making process?,No influence
95,emilija+01_I7vH_TpD9@bss.com.mk,M,je2onetovfvjq9eheqd1innr,5c8a78336d41a10da4f7336c,,5c8a78336d41a10da4f73371,Answer,Russia,Amur Region,What role do you play in the purchasing decision making process?,No influence
96,emilija+3_CmwU_XhuG@bss.com.mk,M,ktctiej7lv5fikf9ej8tbbdc,5c8a78336d41a10da4f7336c,,5c8a78336d41a10da4f73371,Answer,Russia,Saint Petersburg,What role do you play in the purchasing decision making process?,No influence
97,emilija+01_I7vH_AxF5@bss.com.mk,M,tcnfl4z60xouv3fk3w66wtcc,5c8a78336d41a10da4f7336c,,5c8a78336d41a10da4f73371,Answer,Russia,Amur Region,What role do you play in the purchasing decision making process?,No influence
98,emilija+101_jj3C_nsLJ@bss.com.mk,M,u5wwl65fybur92b90c3hswao,5c8a78336d41a10da4f7336c,,5c8a78336d41a10da4f73371,Answer,Russia,Kamchatka Region,What role do you play in the purchasing decision making process?,No influence
99,emilija+2_02Wi_sEkD@bss.com.mk,M,aldevuzj7ns6u2d627eq2q5g,5c8a78336d41a10da4f7336c,,5c8a78336d41a10da4f73371,Answer,Russia,Leningrad Region,What role do you play in the purchasing decision making process?,No influence
100,emilija+3_CmwU_xccV@bss.com.mk,F,bcmmerckywgc6llx4kxyr1le,5c8a78336d41a10da4f7336c,,5c8a78336d41a10da4f73371,Answer,Russia,Saint Petersburg,What role do you play in the purchasing decision making process?,No influence
101,emilija+100_zbmO_xln3@bss.com.mk,F,zcf116neh1ny42asu75xy0h2,5c8a78336d41a10da4f7336c,,5c8a78336d41a10da4f73371,Answer,Russia,Kamchatka Region,What role do you play in the purchasing decision making process?,No influence
102,emilija+101_jj3C_5KuG@bss.com.mk,F,4877yd3ywtavsxe5acy4vby2,5c8a78336d41a10da4f7336c,,5c8a78336d41a10da4f73371,Answer,Russia,Kamchatka Region,What role do you play in the purchasing decision making process?,No influence
103,emilija+101_jj3C_g3J8@bss.com.mk,M,i6uv2n0jfrqxhuh90fl90cfv,5c8a78336d41a10da4f7336c,,5c8a78336d41a10da4f73371,Answer,Russia,Kamchatka Region,What role do you play in the purchasing decision making process?,No influence
104,emilija+100_L8gA_7JBa@bss.mk,F,nvark7mbo9mzipyrs3b05ni5,5c8a78336d41a10da4f7336c,,5c8a78336d41a10da4f73371,Answer,Russia,Komi Republic,What role do you play in the purchasing decision making process?,No influence
105,emilija+3_CmwU_NYnU@bss.com.mk,F,d06cnxqs2ghe6egg635797eb,5c8a78336d41a10da4f7336c,,5c8a78336d41a10da4f73371,Answer,Russia,Saint Petersburg,What role do you play in the purchasing decision making process?,No influence
106,emilija+01_I7vH_eEKa@bss.com.mk,M,rns6tfx45xfd4zrrzjufi688,5c8a78336d41a10da4f7336c,,5c8a78336d41a10da4f73371,Answer,Russia,Amur Region,What role do you play in the purchasing decision making process?,No influence
107,emilija+3_CmwU_F2JI@bss.com.mk,F,5uytvy9crand6h03ox1elvuc,5c8a78336d41a10da4f7336c,,5c8a78336d41a10da4f73371,Answer,Russia,Saint Petersburg,What role do you play in the purchasing decision making process?,No influence
108,emilija+100_L8gA_JDxN@bss.mk,M,5od7hl76u671o8mjes1qxwsk,5c8a78336d41a10da4f7336c,,5c8a78336d41a10da4f73371,Answer,Russia,Komi Republic,What role do you play in the purchasing decision making process?,No influence
109,emilija+100_zbmO_lsjt@bss.com.mk,M,ip5ylx2a6dts3f5lak2q2mi3,5c8a78336d41a10da4f7336c,,5c8a78336d41a10da4f73371,Answer,Russia,Kamchatka Region,What role do you play in the purchasing decision making process?,No influence
110,3990147_SeNs_09Hr@gmail.com,F,sl0pqtnqavydiqidf8nxzrea,5c8a78336d41a10da4f7336c,,5c8a78336d41a10da4f73371,Answer,Somalia,,What role do you play in the purchasing decision making process?,No influence
111,emilija+100_zbmO_4ZQ4@bss.com.mk,M,ifuk295cot2nvgcd9m6ees78,5c8a78336d41a10da4f7336c,,5c8a78336d41a10da4f73371,Answer,Russia,Kamchatka Region,What role do you play in the purchasing decision making process?,No influence
112,3990147_SeNs_mVZi@gmail.com,F,wgf8glx8axdaq94290uynav9,5c8a78336d41a10da4f7336c,,5c8a78336d41a10da4f73371,Answer,Somalia,,What role do you play in the purchasing decision making process?,No influence
113,emilija+3_CmwU_tbhk@bss.com.mk,M,gvlehw939njjmi3fs5c43a7p,5c8a78336d41a10da4f7336c,,5c8a78336d41a10da4f73371,Answer,Russia,Saint Petersburg,What role do you play in the purchasing decision making process?,No influence
114,emilija+101_jj3C_mXlu@bss.com.mk,F,j4pb9w5u35nzubtiagk5a61l,5c8a78336d41a10da4f7336c,,5c8a78336d41a10da4f73371,Answer,Russia,Kamchatka Region,What role do you play in the purchasing decision making process?,No influence
115,emilija+2_02Wi_UXK5@bss.com.mk,F,qy1d6nap87vjj61bqyu9ru50,5c8a78336d41a10da4f7336c,,5c8a78336d41a10da4f73371,Answer,Russia,Leningrad Region,What role do you play in the purchasing decision making process?,No influence
116,aleksandar.dimkov+mitt1_n5eA@bss.com.mk,M,67ada1ee197e604dd2722d1b,5c8a78336d41a10da4f730fd,,5c8a78336d41a10da4f730ff,Answer,Russia,Moscow,Reason for Attending the Event,To source products and services
117,aleksandar.dimkov+mitt10_V0iB@bss.com.mk,M,67b5f1392d21f543a10965f1,5c8a78336d41a10da4f730fd,,5c8a78336d41a10da4f730ff,Answer,Russia,Moscow Region,Reason for Attending the Event,To source products and services
118,3990147_SeNs@gmail.com,M,67b5e0f7774d9e718c7541db,5c8a78336d41a10da4f730fd,,5c8a78336d41a10da4f730ff,Answer,Somalia,,Reason for Attending the Event,To source products and services
119,tanja+202_99oJ@bss.mk,F,67b708f32d21f543a10965fa,5c8a78336d41a10da4f730fd,,5c8a78336d41a10da4f730ff,Answer,Russia,Moscow,Reason for Attending the Event,To source products and services
120,emilija+2_02Wi@bss.com.mk,F,67b46590197e604dd2722d5a,5c8a78336d41a10da4f730fd,,5c8a78336d41a10da4f730ff,Answer,Russia,Leningrad Region,Reason for Attending the Event,To source products and services
121,emilija+100_zbmO@bss.com.mk,F,67b47738197e604dd2722d6b,5c8a78336d41a10da4f730fd,,5c8a78336d41a10da4f730ff,Answer,Russia,Kamchatka Region,Reason for Attending the Event,To source products and services
122,daniela.p+202_Rw2b@bss.com.mk,F,67b70c7a2d21f543a1096605,5c8a78336d41a10da4f730fd,,5c8a78336d41a10da4f730ff,Answer,Russia,Moscow,Reason for Attending the Event,To source products and services
123,emilija+01_I7vH@bss.com.mk,F,67b46415197e604dd2722d55,5c8a78336d41a10da4f730fd,,5c8a78336d41a10da4f730ff,Answer,Russia,Amur Region,Reason for Attending the Event,To source products and services
124,tanja+242_B3fl@bss.com.mk,F,67bcb979966b8de398095c90,5c8a78336d41a10da4f730fd,,5c8a78336d41a10da4f730ff,Answer,North Macedonia,,Reason for Attending the Event,To source products and services
125,daniela.p+202_Rw2b_0LXC@bss.com.mk,M,xy1nr3sp1vp7r17vtxyg683k,5c8a78336d41a10da4f730fd,,5c8a78336d41a10da4f730ff,Answer,Russia,Moscow,Reason for Attending the Event,To source products and services
126,aleksandar.dimkov+mitt10_V0iB_2bw2@bss.com.mk,M,3p80z1iocd67z0qvg8ju1cc0,5c8a78336d41a10da4f730fd,,5c8a78336d41a10da4f730ff,Answer,Russia,Moscow Region,Reason for Attending the Event,To source products and services
127,aleksandar.dimkov+mitt10_V0iB_UmV3@bss.com.mk,M,szwocc75sg060he43kny1pzv,5c8a78336d41a10da4f730fd,,5c8a78336d41a10da4f730ff,Answer,Russia,Moscow Region,Reason for Attending the Event,To source products and services
128,emilija+2_02Wi_QBD0@bss.com.mk,M,fnj1fly0ua1tiuvc9pvp5m3r,5c8a78336d41a10da4f730fd,,5c8a78336d41a10da4f730ff,Answer,Russia,Leningrad Region,Reason for Attending the Event,To source products and services
129,daniela.p+202_Rw2b_MtGK@bss.com.mk,F,7z4ymlbvgu3ct7w8qjeaycts,5c8a78336d41a10da4f730fd,,5c8a78336d41a10da4f730ff,Answer,Russia,Moscow,Reason for Attending the Event,To source products and services
130,aleksandar.dimkov+mitt10_V0iB_GLVX@bss.com.mk,M,unfq2oxirwh1d7iqfgqxwdcd,5c8a78336d41a10da4f730fd,,5c8a78336d41a10da4f730ff,Answer,Russia,Moscow Region,Reason for Attending the Event,To source products and services
131,emilija+01_I7vH_TpD9@bss.com.mk,M,je2onetovfvjq9eheqd1innr,5c8a78336d41a10da4f730fd,,5c8a78336d41a10da4f730ff,Answer,Russia,Amur Region,Reason for Attending the Event,To source products and services
132,emilija+01_I7vH_AxF5@bss.com.mk,M,tcnfl4z60xouv3fk3w66wtcc,5c8a78336d41a10da4f730fd,,5c8a78336d41a10da4f730ff,Answer,Russia,Amur Region,Reason for Attending the Event,To source products and services
133,emilija+2_02Wi_sEkD@bss.com.mk,M,aldevuzj7ns6u2d627eq2q5g,5c8a78336d41a10da4f730fd,,5c8a78336d41a10da4f730ff,Answer,Russia,Leningrad Region,Reason for Attending the Event,To source products and services
134,aleksandar.dimkov+mitt1_n5eA_c8O2@bss.com.mk,M,ku23k0nqh4urfx3qbmm7e2sy,5c8a78336d41a10da4f730fd,,5c8a78336d41a10da4f730ff,Answer,Russia,Moscow,Reason for Attending the Event,To source products and services
135,aleksandar.dimkov+mitt10_V0iB_21BI@bss.com.mk,F,bqg1ucjqk14u5av22n0jfhjb,5c8a78336d41a10da4f730fd,,5c8a78336d41a10da4f730ff,Answer,Russia,Moscow Region,Reason for Attending the Event,To source products and services
136,emilija+100_zbmO_xln3@bss.com.mk,F,zcf116neh1ny42asu75xy0h2,5c8a78336d41a10da4f730fd,,5c8a78336d41a10da4f730ff,Answer,Russia,Kamchatka Region,Reason for Attending the Event,To source products and services
137,daniela.p+202_Rw2b_20IK@bss.com.mk,M,8iqywq3m81tjxwfrd0jijyth,5c8a78336d41a10da4f730fd,,5c8a78336d41a10da4f730ff,Answer,Russia,Moscow,Reason for Attending the Event,To source products and services
138,daniela.p+202_Rw2b_ZF2k@bss.com.mk,M,wzh3p4rs1362l62x4dh2dikd,5c8a78336d41a10da4f730fd,,5c8a78336d41a10da4f730ff,Answer,Russia,Moscow,Reason for Attending the Event,To source products and services
139,aleksandar.dimkov+mitt1_n5eA_J2i8@bss.com.mk,F,vgobo8s5ikba7uxggs4oeuzg,5c8a78336d41a10da4f730fd,,5c8a78336d41a10da4f730ff,Answer,Russia,Moscow,Reason for Attending the Event,To source products and services
140,emilija+01_I7vH_eEKa@bss.com.mk,M,rns6tfx45xfd4zrrzjufi688,5c8a78336d41a10da4f730fd,,5c8a78336d41a10da4f730ff,Answer,Russia,Amur Region,Reason for Attending the Event,To source products and services
141,aleksandar.dimkov+mitt1_n5eA_tzip@bss.com.mk,F,awomj46ol5mlowhbdqavxwoj,5c8a78336d41a10da4f730fd,,5c8a78336d41a10da4f730ff,Answer,Russia,Moscow,Reason for Attending the Event,To source products and services
142,emilija+100_zbmO_lsjt@bss.com.mk,M,ip5ylx2a6dts3f5lak2q2mi3,5c8a78336d41a10da4f730fd,,5c8a78336d41a10da4f730ff,Answer,Russia,Kamchatka Region,Reason for Attending the Event,To source products and services
143,3990147_SeNs_09Hr@gmail.com,F,sl0pqtnqavydiqidf8nxzrea,5c8a78336d41a10da4f730fd,,5c8a78336d41a10da4f730ff,Answer,Somalia,,Reason for Attending the Event,To source products and services
144,aleksandar.dimkov+mitt1_n5eA_oG2a@bss.com.mk,M,3a17inawhgac2o0xtix3fb3n,5c8a78336d41a10da4f730fd,,5c8a78336d41a10da4f730ff,Answer,Russia,Moscow,Reason for Attending the Event,To source products and services
145,tanja+202_99oJ_VzXA@bss.mk,F,hcrco3j3ndo542hbg2twb0np,5c8a78336d41a10da4f730fd,,5c8a78336d41a10da4f730ff,Answer,Russia,Moscow,Reason for Attending the Event,To source products and services
146,daniela.p+202_Rw2b_Oi3B@bss.com.mk,M,sou8pmpid2soba8goi4y1p5x,5c8a78336d41a10da4f730fd,,5c8a78336d41a10da4f730ff,Answer,Russia,Moscow,Reason for Attending the Event,To source products and services
147,emilija+100_zbmO_4ZQ4@bss.com.mk,M,ifuk295cot2nvgcd9m6ees78,5c8a78336d41a10da4f730fd,,5c8a78336d41a10da4f730ff,Answer,Russia,Kamchatka Region,Reason for Attending the Event,To source products and services
148,3990147_SeNs_mVZi@gmail.com,F,wgf8glx8axdaq94290uynav9,5c8a78336d41a10da4f730fd,,5c8a78336d41a10da4f730ff,Answer,Somalia,,Reason for Attending the Event,To source products and services
149,aleksandar.dimkov+mitt1_n5eA_UbFT@bss.com.mk,M,870504t2mvyphtv5p2rpqzhu,5c8a78336d41a10da4f730fd,,5c8a78336d41a10da4f730ff,Answer,Russia,Moscow,Reason for Attending the Event,To source products and services
150,emilija+2_02Wi_UXK5@bss.com.mk,F,qy1d6nap87vjj61bqyu9ru50,5c8a78336d41a10da4f730fd,,5c8a78336d41a10da4f730ff,Answer,Russia,Leningrad Region,Reason for Attending the Event,To source products and services
151,aleksandar.dimkov+mitt1_n5eA@bss.com.mk,M,67ada1ee197e604dd2722d1b,5c8a78336d41a10da4f73225,,5c8a78336d41a10da4f73228,Answer,Russia,Moscow,Which of the following best describes your job function?,Sales
152,aleksandar.dimkov+mb1_Xc8j@bss.com.mk,M,67b484a9197e604dd2722d72,5c8a78336d41a10da4f73225,,5c8a78336d41a10da4f73228,Answer,Russia,Moscow,Which of the following best describes your job function?,Sales
153,emilija+101_jj3C@bss.com.mk,F,67b709442d21f543a10965fe,5c8a78336d41a10da4f73225,,5c8a78336d41a10da4f73228,Answer,Russia,Kamchatka Region,Which of the following best describes your job function?,Sales
154,tanja+242_B3fl@bss.com.mk,F,67bcb979966b8de398095c90,5c8a78336d41a10da4f73225,,5c8a78336d41a10da4f73228,Answer,North Macedonia,,Which of the following best describes your job function?,Sales
155,aleksandar.dimkov+mb1_Xc8j_kuh8@bss.com.mk,F,xodwfemcnbuqzq632xnlrxt6,5c8a78336d41a10da4f73225,,5c8a78336d41a10da4f73228,Answer,Russia,Moscow,Which of the following best describes your job function?,Sales
156,emilija+101_jj3C_nsLJ@bss.com.mk,M,u5wwl65fybur92b90c3hswao,5c8a78336d41a10da4f73225,,5c8a78336d41a10da4f73228,Answer,Russia,Kamchatka Region,Which of the following best describes your job function?,Sales
157,aleksandar.dimkov+mitt1_n5eA_c8O2@bss.com.mk,M,ku23k0nqh4urfx3qbmm7e2sy,5c8a78336d41a10da4f73225,,5c8a78336d41a10da4f73228,Answer,Russia,Moscow,Which of the following best describes your job function?,Sales
158,emilija+101_jj3C_5KuG@bss.com.mk,F,4877yd3ywtavsxe5acy4vby2,5c8a78336d41a10da4f73225,,5c8a78336d41a10da4f73228,Answer,Russia,Kamchatka Region,Which of the following best describes your job function?,Sales
159,emilija+101_jj3C_g3J8@bss.com.mk,M,i6uv2n0jfrqxhuh90fl90cfv,5c8a78336d41a10da4f73225,,5c8a78336d41a10da4f73228,Answer,Russia,Kamchatka Region,Which of the following best describes your job function?,Sales
160,aleksandar.dimkov+mitt1_n5eA_J2i8@bss.com.mk,F,vgobo8s5ikba7uxggs4oeuzg,5c8a78336d41a10da4f73225,,5c8a78336d41a10da4f73228,Answer,Russia,Moscow,Which of the following best describes your job function?,Sales
161,aleksandar.dimkov+mitt1_n5eA_tzip@bss.com.mk,F,awomj46ol5mlowhbdqavxwoj,5c8a78336d41a10da4f73225,,5c8a78336d41a10da4f73228,Answer,Russia,Moscow,Which of the following best describes your job function?,Sales
162,aleksandar.dimkov+mitt1_n5eA_oG2a@bss.com.mk,M,3a17inawhgac2o0xtix3fb3n,5c8a78336d41a10da4f73225,,5c8a78336d41a10da4f73228,Answer,Russia,Moscow,Which of the following best describes your job function?,Sales
163,aleksandar.dimkov+mb1_Xc8j_vvSH@bss.com.mk,M,y67npjis9odvv7cgl9867epq,5c8a78336d41a10da4f73225,,5c8a78336d41a10da4f73228,Answer,Russia,Moscow,Which of the following best describes your job function?,Sales
164,aleksandar.dimkov+mitt1_n5eA_UbFT@bss.com.mk,M,870504t2mvyphtv5p2rpqzhu,5c8a78336d41a10da4f73225,,5c8a78336d41a10da4f73228,Answer,Russia,Moscow,Which of the following best describes your job function?,Sales
165,emilija+101_jj3C_mXlu@bss.com.mk,F,j4pb9w5u35nzubtiagk5a61l,5c8a78336d41a10da4f73225,,5c8a78336d41a10da4f73228,Answer,Russia,Kamchatka Region,Which of the following best describes your job function?,Sales
166,aleksandar.dimkov+mitt1_n5eA@bss.com.mk,M,67ada1ee197e604dd2722d1b,5c8a78336d41a10da4f73252,,5c8a78336d41a10da4f73294,Answer,Russia,Moscow,Please indicate your company's main area of business,Event management
167,aleksandar.dimkov+mb1_Xc8j@bss.com.mk,M,67b484a9197e604dd2722d72,5c8a78336d41a10da4f73252,,5c8a78336d41a10da4f73294,Answer,Russia,Moscow,Please indicate your company's main area of business,Event management
168,aleksandar.dimkov+mb1_Xc8j_kuh8@bss.com.mk,F,xodwfemcnbuqzq632xnlrxt6,5c8a78336d41a10da4f73252,,5c8a78336d41a10da4f73294,Answer,Russia,Moscow,Please indicate your company's main area of business,Event management
169,aleksandar.dimkov+mitt1_n5eA_c8O2@bss.com.mk,M,ku23k0nqh4urfx3qbmm7e2sy,5c8a78336d41a10da4f73252,,5c8a78336d41a10da4f73294,Answer,Russia,Moscow,Please indicate your company's main area of business,Event management
170,aleksandar.dimkov+mitt1_n5eA_J2i8@bss.com.mk,F,vgobo8s5ikba7uxggs4oeuzg,5c8a78336d41a10da4f73252,,5c8a78336d41a10da4f73294,Answer,Russia,Moscow,Please indicate your company's main area of business,Event management
171,aleksandar.dimkov+mitt1_n5eA_tzip@bss.com.mk,F,awomj46ol5mlowhbdqavxwoj,5c8a78336d41a10da4f73252,,5c8a78336d41a10da4f73294,Answer,Russia,Moscow,Please indicate your company's main area of business,Event management
172,aleksandar.dimkov+mitt1_n5eA_oG2a@bss.com.mk,M,3a17inawhgac2o0xtix3fb3n,5c8a78336d41a10da4f73252,,5c8a78336d41a10da4f73294,Answer,Russia,Moscow,Please indicate your company's main area of business,Event management
173,aleksandar.dimkov+mb1_Xc8j_vvSH@bss.com.mk,M,y67npjis9odvv7cgl9867epq,5c8a78336d41a10da4f73252,,5c8a78336d41a10da4f73294,Answer,Russia,Moscow,Please indicate your company's main area of business,Event management
174,aleksandar.dimkov+mitt1_n5eA_UbFT@bss.com.mk,M,870504t2mvyphtv5p2rpqzhu,5c8a78336d41a10da4f73252,,5c8a78336d41a10da4f73294,Answer,Russia,Moscow,Please indicate your company's main area of business,Event management
175,aleksandar.dimkov+mitt1_n5eA@bss.com.mk,M,67ada1ee197e604dd2722d1b,5c8a78336d41a10da4f7336c,,5c8a78336d41a10da4f7336e,Answer,Russia,Moscow,What role do you play in the purchasing decision making process?,Sole responsibility
176,tanja+182_Ahsx@bss.mk,M,67b45356197e604dd2722d43,5c8a78336d41a10da4f7336c,,5c8a78336d41a10da4f7336e,Answer,North Macedonia,,What role do you play in the purchasing decision making process?,Sole responsibility
177,daniela.p+201_Fwae@bss.com.mk,M,67b47874197e604dd2722d6f,5c8a78336d41a10da4f7336c,,5c8a78336d41a10da4f7336e,Answer,Russia,Ivanovo Region,What role do you play in the purchasing decision making process?,Sole responsibility
178,aleksandar.dimkov+mitt1_n5eA_c8O2@bss.com.mk,M,ku23k0nqh4urfx3qbmm7e2sy,5c8a78336d41a10da4f7336c,,5c8a78336d41a10da4f7336e,Answer,Russia,Moscow,What role do you play in the purchasing decision making process?,Sole responsibility
179,aleksandar.dimkov+mitt1_n5eA_J2i8@bss.com.mk,F,vgobo8s5ikba7uxggs4oeuzg,5c8a78336d41a10da4f7336c,,5c8a78336d41a10da4f7336e,Answer,Russia,Moscow,What role do you play in the purchasing decision making process?,Sole responsibility
180,daniela.p+201_Fwae_AK8l@bss.com.mk,M,yxyhdns9mr7s3k8wdhbd7n5k,5c8a78336d41a10da4f7336c,,5c8a78336d41a10da4f7336e,Answer,Russia,Ivanovo Region,What role do you play in the purchasing decision making process?,Sole responsibility
181,aleksandar.dimkov+mitt1_n5eA_tzip@bss.com.mk,F,awomj46ol5mlowhbdqavxwoj,5c8a78336d41a10da4f7336c,,5c8a78336d41a10da4f7336e,Answer,Russia,Moscow,What role do you play in the purchasing decision making process?,Sole responsibility
182,daniela.p+201_Fwae_HTYS@bss.com.mk,M,nwgueloa1n8u9v2eegzvfamb,5c8a78336d41a10da4f7336c,,5c8a78336d41a10da4f7336e,Answer,Russia,Ivanovo Region,What role do you play in the purchasing decision making process?,Sole responsibility
183,aleksandar.dimkov+mitt1_n5eA_oG2a@bss.com.mk,M,3a17inawhgac2o0xtix3fb3n,5c8a78336d41a10da4f7336c,,5c8a78336d41a10da4f7336e,Answer,Russia,Moscow,What role do you play in the purchasing decision making process?,Sole responsibility
184,tanja+182_Ahsx_hqUn@bss.mk,F,h6m3ppqa2ui8z922ddkcrdxz,5c8a78336d41a10da4f7336c,,5c8a78336d41a10da4f7336e,Answer,North Macedonia,,What role do you play in the purchasing decision making process?,Sole responsibility
185,aleksandar.dimkov+mitt1_n5eA_UbFT@bss.com.mk,M,870504t2mvyphtv5p2rpqzhu,5c8a78336d41a10da4f7336c,,5c8a78336d41a10da4f7336e,Answer,Russia,Moscow,What role do you play in the purchasing decision making process?,Sole responsibility
186,tanja+182_Ahsx_Lcd6@bss.mk,M,yzc27c0f8w2ortjytg54wtmh,5c8a78336d41a10da4f7336c,,5c8a78336d41a10da4f7336e,Answer,North Macedonia,,What role do you play in the purchasing decision making process?,Sole responsibility
187,aleksandar.dimkov+mitt1_n5eA@bss.com.mk,M,67ada1ee197e604dd2722d1b,5c8a78336d41a10da4f7336c,,5c8a78336d41a10da4f73375,Answer,Russia,Moscow,What is your company's annual purchasing budget?,5 - 10 million rubles
188,aleksandar.dimkov+mitt1_n5eA_c8O2@bss.com.mk,M,ku23k0nqh4urfx3qbmm7e2sy,5c8a78336d41a10da4f7336c,,5c8a78336d41a10da4f73375,Answer,Russia,Moscow,What is your company's annual purchasing budget?,5 - 10 million rubles
189,aleksandar.dimkov+mitt1_n5eA_J2i8@bss.com.mk,F,vgobo8s5ikba7uxggs4oeuzg,5c8a78336d41a10da4f7336c,,5c8a78336d41a10da4f73375,Answer,Russia,Moscow,What is your company's annual purchasing budget?,5 - 10 million rubles
190,aleksandar.dimkov+mitt1_n5eA_tzip@bss.com.mk,F,awomj46ol5mlowhbdqavxwoj,5c8a78336d41a10da4f7336c,,5c8a78336d41a10da4f73375,Answer,Russia,Moscow,What is your company's annual purchasing budget?,5 - 10 million rubles
191,aleksandar.dimkov+mitt1_n5eA_oG2a@bss.com.mk,M,3a17inawhgac2o0xtix3fb3n,5c8a78336d41a10da4f7336c,,5c8a78336d41a10da4f73375,Answer,Russia,Moscow,What is your company's annual purchasing budget?,5 - 10 million rubles
192,aleksandar.dimkov+mitt1_n5eA_UbFT@bss.com.mk,M,870504t2mvyphtv5p2rpqzhu,5c8a78336d41a10da4f7336c,,5c8a78336d41a10da4f73375,Answer,Russia,Moscow,What is your company's annual purchasing budget?,5 - 10 million rubles
193,daniela.p+150_YhiF@bss.com.mk,F,67b44fef197e604dd2722d3d,5c8a78336d41a10da4f730fd,,5c8a78336d41a10da4f73101,Answer,North Macedonia,,Reason for Attending the Event,To promote products and services
194,tanja+182_jiPa@bss.com.mk,F,67b45018197e604dd2722d3e,5c8a78336d41a10da4f730fd,,5c8a78336d41a10da4f73101,Answer,Russia,Ivanovo Region,Reason for Attending the Event,To promote products and services
195,tanja+182_Ahsx@bss.mk,M,67b45356197e604dd2722d43,5c8a78336d41a10da4f730fd,,5c8a78336d41a10da4f73101,Answer,North Macedonia,,Reason for Attending the Event,To promote products and services
196,daniela.p+201_Fwae@bss.com.mk,M,67b47874197e604dd2722d6f,5c8a78336d41a10da4f730fd,,5c8a78336d41a10da4f73101,Answer,Russia,Ivanovo Region,Reason for Attending the Event,To promote products and services
197,tatjana+182_N1PC@bss.mk,F,67b46049197e604dd2722d4a,5c8a78336d41a10da4f730fd,,5c8a78336d41a10da4f73101,Answer,Russia,Moscow Region,Reason for Attending the Event,To promote products and services
198,tanja+182_jiPa_jNR0@bss.com.mk,M,fi1h2gygfcwed97ls0e0c31v,5c8a78336d41a10da4f730fd,,5c8a78336d41a10da4f73101,Answer,Russia,Ivanovo Region,Reason for Attending the Event,To promote products and services
199,daniela.p+150_YhiF_SxIe@bss.com.mk,F,7ibrdat3zwe6vjvb0sv29jks,5c8a78336d41a10da4f730fd,,5c8a78336d41a10da4f73101,Answer,North Macedonia,,Reason for Attending the Event,To promote products and services
200,tanja+182_jiPa_MVxX@bss.com.mk,M,e8bxsksz9xo25tg7tvo7z2ho,5c8a78336d41a10da4f730fd,,5c8a78336d41a10da4f73101,Answer,Russia,Ivanovo Region,Reason for Attending the Event,To promote products and services
201,tanja+182_jiPa_ARQM@bss.com.mk,M,aq4v0kee568ttej8iiemf43d,5c8a78336d41a10da4f730fd,,5c8a78336d41a10da4f73101,Answer,Russia,Ivanovo Region,Reason for Attending the Event,To promote products and services
202,tatjana+182_N1PC_oo6l@bss.mk,F,o1qflq1vwy0ysoicvlsg1ftt,5c8a78336d41a10da4f730fd,,5c8a78336d41a10da4f73101,Answer,Russia,Moscow Region,Reason for Attending the Event,To promote products and services
203,daniela.p+150_YhiF_NqPH@bss.com.mk,M,azs5ghtuwudyxwstbltb0xiz,5c8a78336d41a10da4f730fd,,5c8a78336d41a10da4f73101,Answer,North Macedonia,,Reason for Attending the Event,To promote products and services
204,daniela.p+201_Fwae_AK8l@bss.com.mk,M,yxyhdns9mr7s3k8wdhbd7n5k,5c8a78336d41a10da4f730fd,,5c8a78336d41a10da4f73101,Answer,Russia,Ivanovo Region,Reason for Attending the Event,To promote products and services
205,tanja+182_jiPa_5IoL@bss.com.mk,M,35d97gdotgwa5lwpd0vs7k0h,5c8a78336d41a10da4f730fd,,5c8a78336d41a10da4f73101,Answer,Russia,Ivanovo Region,Reason for Attending the Event,To promote products and services
206,tanja+182_jiPa_H11i@bss.com.mk,F,fs5gjd2k2z3o2gif5gni04rs,5c8a78336d41a10da4f730fd,,5c8a78336d41a10da4f73101,Answer,Russia,Ivanovo Region,Reason for Attending the Event,To promote products and services
207,daniela.p+201_Fwae_HTYS@bss.com.mk,M,nwgueloa1n8u9v2eegzvfamb,5c8a78336d41a10da4f730fd,,5c8a78336d41a10da4f73101,Answer,Russia,Ivanovo Region,Reason for Attending the Event,To promote products and services
208,tanja+182_jiPa_Nfsx@bss.com.mk,F,6k29ezb4owiomwpfb12502zq,5c8a78336d41a10da4f730fd,,5c8a78336d41a10da4f73101,Answer,Russia,Ivanovo Region,Reason for Attending the Event,To promote products and services
209,tanja+182_jiPa_YaEw@bss.com.mk,F,rh5y4efxr5rhh3m5u178w86t,5c8a78336d41a10da4f730fd,,5c8a78336d41a10da4f73101,Answer,Russia,Ivanovo Region,Reason for Attending the Event,To promote products and services
210,tanja+182_Ahsx_hqUn@bss.mk,F,h6m3ppqa2ui8z922ddkcrdxz,5c8a78336d41a10da4f730fd,,5c8a78336d41a10da4f73101,Answer,North Macedonia,,Reason for Attending the Event,To promote products and services
211,tanja+182_Ahsx_Lcd6@bss.mk,M,yzc27c0f8w2ortjytg54wtmh,5c8a78336d41a10da4f730fd,,5c8a78336d41a10da4f73101,Answer,North Macedonia,,Reason for Attending the Event,To promote products and services
212,daniela.p+150_YhiF_OH5e@bss.com.mk,M,gultwxcgf4l0k3psuryptsg2,5c8a78336d41a10da4f730fd,,5c8a78336d41a10da4f73101,Answer,North Macedonia,,Reason for Attending the Event,To promote products and services
213,daniela.p+150_YhiF@bss.com.mk,F,67b44fef197e604dd2722d3d,5c8a78336d41a10da4f73225,,5c8a78336d41a10da4f7323c,Answer,North Macedonia,,Which of the following best describes your job function?,Formation of tourist products
214,tanja+202_99oJ@bss.mk,F,67b708f32d21f543a10965fa,5c8a78336d41a10da4f73225,,5c8a78336d41a10da4f7323c,Answer,Russia,Moscow,Which of the following best describes your job function?,Formation of tourist products
215,daniela.p+150_YhiF_SxIe@bss.com.mk,F,7ibrdat3zwe6vjvb0sv29jks,5c8a78336d41a10da4f73225,,5c8a78336d41a10da4f7323c,Answer,North Macedonia,,Which of the following best describes your job function?,Formation of tourist products
216,daniela.p+150_YhiF_NqPH@bss.com.mk,M,azs5ghtuwudyxwstbltb0xiz,5c8a78336d41a10da4f73225,,5c8a78336d41a10da4f7323c,Answer,North Macedonia,,Which of the following best describes your job function?,Formation of tourist products
217,tanja+202_99oJ_VzXA@bss.mk,F,hcrco3j3ndo542hbg2twb0np,5c8a78336d41a10da4f73225,,5c8a78336d41a10da4f7323c,Answer,Russia,Moscow,Which of the following best describes your job function?,Formation of tourist products
218,daniela.p+150_YhiF_OH5e@bss.com.mk,M,gultwxcgf4l0k3psuryptsg2,5c8a78336d41a10da4f73225,,5c8a78336d41a10da4f7323c,Answer,North Macedonia,,Which of the following best describes your job function?,Formation of tourist products
219,daniela.p+150_YhiF@bss.com.mk,F,67b44fef197e604dd2722d3d,5c8a78336d41a10da4f7336c,,5c8a78336d41a10da4f7336f,Answer,North Macedonia,,What role do you play in the purchasing decision making process?,Joint responsibility
220,aleksandar.dimkov+mitt10_V0iB@bss.com.mk,M,67b5f1392d21f543a10965f1,5c8a78336d41a10da4f7336c,,5c8a78336d41a10da4f7336f,Answer,Russia,Moscow Region,What role do you play in the purchasing decision making process?,Joint responsibility
221,tanja+202_99oJ@bss.mk,F,67b708f32d21f543a10965fa,5c8a78336d41a10da4f7336c,,5c8a78336d41a10da4f7336f,Answer,Russia,Moscow,What role do you play in the purchasing decision making process?,Joint responsibility
222,daniela.p+202_Rw2b@bss.com.mk,F,67b70c7a2d21f543a1096605,5c8a78336d41a10da4f7336c,,5c8a78336d41a10da4f7336f,Answer,Russia,Moscow,What role do you play in the purchasing decision making process?,Joint responsibility
223,tanja+242_B3fl@bss.com.mk,F,67bcb979966b8de398095c90,5c8a78336d41a10da4f7336c,,5c8a78336d41a10da4f7336f,Answer,North Macedonia,,What role do you play in the purchasing decision making process?,Joint responsibility
224,daniela.p+202_Rw2b_0LXC@bss.com.mk,M,xy1nr3sp1vp7r17vtxyg683k,5c8a78336d41a10da4f7336c,,5c8a78336d41a10da4f7336f,Answer,Russia,Moscow,What role do you play in the purchasing decision making process?,Joint responsibility
225,aleksandar.dimkov+mitt10_V0iB_2bw2@bss.com.mk,M,3p80z1iocd67z0qvg8ju1cc0,5c8a78336d41a10da4f7336c,,5c8a78336d41a10da4f7336f,Answer,Russia,Moscow Region,What role do you play in the purchasing decision making process?,Joint responsibility
226,aleksandar.dimkov+mitt10_V0iB_UmV3@bss.com.mk,M,szwocc75sg060he43kny1pzv,5c8a78336d41a10da4f7336c,,5c8a78336d41a10da4f7336f,Answer,Russia,Moscow Region,What role do you play in the purchasing decision making process?,Joint responsibility
227,daniela.p+202_Rw2b_MtGK@bss.com.mk,F,7z4ymlbvgu3ct7w8qjeaycts,5c8a78336d41a10da4f7336c,,5c8a78336d41a10da4f7336f,Answer,Russia,Moscow,What role do you play in the purchasing decision making process?,Joint responsibility
228,aleksandar.dimkov+mitt10_V0iB_GLVX@bss.com.mk,M,unfq2oxirwh1d7iqfgqxwdcd,5c8a78336d41a10da4f7336c,,5c8a78336d41a10da4f7336f,Answer,Russia,Moscow Region,What role do you play in the purchasing decision making process?,Joint responsibility
229,daniela.p+150_YhiF_SxIe@bss.com.mk,F,7ibrdat3zwe6vjvb0sv29jks,5c8a78336d41a10da4f7336c,,5c8a78336d41a10da4f7336f,Answer,North Macedonia,,What role do you play in the purchasing decision making process?,Joint responsibility
230,aleksandar.dimkov+mitt10_V0iB_21BI@bss.com.mk,F,bqg1ucjqk14u5av22n0jfhjb,5c8a78336d41a10da4f7336c,,5c8a78336d41a10da4f7336f,Answer,Russia,Moscow Region,What role do you play in the purchasing decision making process?,Joint responsibility
231,daniela.p+202_Rw2b_20IK@bss.com.mk,M,8iqywq3m81tjxwfrd0jijyth,5c8a78336d41a10da4f7336c,,5c8a78336d41a10da4f7336f,Answer,Russia,Moscow,What role do you play in the purchasing decision making process?,Joint responsibility
232,daniela.p+202_Rw2b_ZF2k@bss.com.mk,M,wzh3p4rs1362l62x4dh2dikd,5c8a78336d41a10da4f7336c,,5c8a78336d41a10da4f7336f,Answer,Russia,Moscow,What role do you play in the purchasing decision making process?,Joint responsibility
233,daniela.p+150_YhiF_NqPH@bss.com.mk,M,azs5ghtuwudyxwstbltb0xiz,5c8a78336d41a10da4f7336c,,5c8a78336d41a10da4f7336f,Answer,North Macedonia,,What role do you play in the purchasing decision making process?,Joint responsibility
234,tanja+202_99oJ_VzXA@bss.mk,F,hcrco3j3ndo542hbg2twb0np,5c8a78336d41a10da4f7336c,,5c8a78336d41a10da4f7336f,Answer,Russia,Moscow,What role do you play in the purchasing decision making process?,Joint responsibility
235,daniela.p+202_Rw2b_Oi3B@bss.com.mk,M,sou8pmpid2soba8goi4y1p5x,5c8a78336d41a10da4f7336c,,5c8a78336d41a10da4f7336f,Answer,Russia,Moscow,What role do you play in the purchasing decision making process?,Joint responsibility
236,daniela.p+150_YhiF_OH5e@bss.com.mk,M,gultwxcgf4l0k3psuryptsg2,5c8a78336d41a10da4f7336c,,5c8a78336d41a10da4f7336f,Answer,North Macedonia,,What role do you play in the purchasing decision making process?,Joint responsibility
237,daniela.p+150_YhiF@bss.com.mk,F,67b44fef197e604dd2722d3d,5c8a78336d41a10da4f7336c,,5c8a78336d41a10da4f73373,Answer,North Macedonia,,What is your company's annual purchasing budget?,Up to 1 million rubles
238,aleksandar.dimkov+mitt10_V0iB@bss.com.mk,M,67b5f1392d21f543a10965f1,5c8a78336d41a10da4f7336c,,5c8a78336d41a10da4f73373,Answer,Russia,Moscow Region,What is your company's annual purchasing budget?,Up to 1 million rubles
239,daniela.p+201_Fwae@bss.com.mk,M,67b47874197e604dd2722d6f,5c8a78336d41a10da4f7336c,,5c8a78336d41a10da4f73373,Answer,Russia,Ivanovo Region,What is your company's annual purchasing budget?,Up to 1 million rubles
240,daniela.p+202_Rw2b@bss.com.mk,F,67b70c7a2d21f543a1096605,5c8a78336d41a10da4f7336c,,5c8a78336d41a10da4f73373,Answer,Russia,Moscow,What is your company's annual purchasing budget?,Up to 1 million rubles
241,daniela.p+202_Rw2b_0LXC@bss.com.mk,M,xy1nr3sp1vp7r17vtxyg683k,5c8a78336d41a10da4f7336c,,5c8a78336d41a10da4f73373,Answer,Russia,Moscow,What is your company's annual purchasing budget?,Up to 1 million rubles
242,aleksandar.dimkov+mitt10_V0iB_2bw2@bss.com.mk,M,3p80z1iocd67z0qvg8ju1cc0,5c8a78336d41a10da4f7336c,,5c8a78336d41a10da4f73373,Answer,Russia,Moscow Region,What is your company's annual purchasing budget?,Up to 1 million rubles
243,aleksandar.dimkov+mitt10_V0iB_UmV3@bss.com.mk,M,szwocc75sg060he43kny1pzv,5c8a78336d41a10da4f7336c,,5c8a78336d41a10da4f73373,Answer,Russia,Moscow Region,What is your company's annual purchasing budget?,Up to 1 million rubles
244,daniela.p+202_Rw2b_MtGK@bss.com.mk,F,7z4ymlbvgu3ct7w8qjeaycts,5c8a78336d41a10da4f7336c,,5c8a78336d41a10da4f73373,Answer,Russia,Moscow,What is your company's annual purchasing budget?,Up to 1 million rubles
245,aleksandar.dimkov+mitt10_V0iB_GLVX@bss.com.mk,M,unfq2oxirwh1d7iqfgqxwdcd,5c8a78336d41a10da4f7336c,,5c8a78336d41a10da4f73373,Answer,Russia,Moscow Region,What is your company's annual purchasing budget?,Up to 1 million rubles
246,daniela.p+150_YhiF_SxIe@bss.com.mk,F,7ibrdat3zwe6vjvb0sv29jks,5c8a78336d41a10da4f7336c,,5c8a78336d41a10da4f73373,Answer,North Macedonia,,What is your company's annual purchasing budget?,Up to 1 million rubles
247,aleksandar.dimkov+mitt10_V0iB_21BI@bss.com.mk,F,bqg1ucjqk14u5av22n0jfhjb,5c8a78336d41a10da4f7336c,,5c8a78336d41a10da4f73373,Answer,Russia,Moscow Region,What is your company's annual purchasing budget?,Up to 1 million rubles
248,daniela.p+202_Rw2b_20IK@bss.com.mk,M,8iqywq3m81tjxwfrd0jijyth,5c8a78336d41a10da4f7336c,,5c8a78336d41a10da4f73373,Answer,Russia,Moscow,What is your company's annual purchasing budget?,Up to 1 million rubles
249,daniela.p+202_Rw2b_ZF2k@bss.com.mk,M,wzh3p4rs1362l62x4dh2dikd,5c8a78336d41a10da4f7336c,,5c8a78336d41a10da4f73373,Answer,Russia,Moscow,What is your company's annual purchasing budget?,Up to 1 million rubles
250,daniela.p+150_YhiF_NqPH@bss.com.mk,M,azs5ghtuwudyxwstbltb0xiz,5c8a78336d41a10da4f7336c,,5c8a78336d41a10da4f73373,Answer,North Macedonia,,What is your company's annual purchasing budget?,Up to 1 million rubles
251,daniela.p+201_Fwae_AK8l@bss.com.mk,M,yxyhdns9mr7s3k8wdhbd7n5k,5c8a78336d41a10da4f7336c,,5c8a78336d41a10da4f73373,Answer,Russia,Ivanovo Region,What is your company's annual purchasing budget?,Up to 1 million rubles
252,daniela.p+201_Fwae_HTYS@bss.com.mk,M,nwgueloa1n8u9v2eegzvfamb,5c8a78336d41a10da4f7336c,,5c8a78336d41a10da4f73373,Answer,Russia,Ivanovo Region,What is your company's annual purchasing budget?,Up to 1 million rubles
253,daniela.p+202_Rw2b_Oi3B@bss.com.mk,M,sou8pmpid2soba8goi4y1p5x,5c8a78336d41a10da4f7336c,,5c8a78336d41a10da4f73373,Answer,Russia,Moscow,What is your company's annual purchasing budget?,Up to 1 million rubles
254,daniela.p+150_YhiF_OH5e@bss.com.mk,M,gultwxcgf4l0k3psuryptsg2,5c8a78336d41a10da4f7336c,,5c8a78336d41a10da4f73373,Answer,North Macedonia,,What is your company's annual purchasing budget?,Up to 1 million rubles
255,tanja+182_jiPa@bss.com.mk,F,67b45018197e604dd2722d3e,5c8a78336d41a10da4f7336c,,5c8a78336d41a10da4f73370,Answer,Russia,Ivanovo Region,What role do you play in the purchasing decision making process?,Advisory role
256,tatjana+182_N1PC@bss.mk,F,67b46049197e604dd2722d4a,5c8a78336d41a10da4f7336c,,5c8a78336d41a10da4f73370,Answer,Russia,Moscow Region,What role do you play in the purchasing decision making process?,Advisory role
257,daniela.p+200_IzcX@bss.com.mk,F,67b47714197e604dd2722d69,5c8a78336d41a10da4f7336c,,5c8a78336d41a10da4f73370,Answer,Russia,Moscow,What role do you play in the purchasing decision making process?,Advisory role
258,aleksandar.dimkov+mb1_Xc8j@bss.com.mk,M,67b484a9197e604dd2722d72,5c8a78336d41a10da4f7336c,,5c8a78336d41a10da4f73370,Answer,Russia,Moscow,What role do you play in the purchasing decision making process?,Advisory role
259,daniela.p+203_NfBj@bss.com.mk,F,67b70e142d21f543a1096609,5c8a78336d41a10da4f7336c,,5c8a78336d41a10da4f73370,Answer,Russia,Moscow Region,What role do you play in the purchasing decision making process?,Advisory role
260,aleksandar.dimkov+mb1_Xc8j_kuh8@bss.com.mk,F,xodwfemcnbuqzq632xnlrxt6,5c8a78336d41a10da4f7336c,,5c8a78336d41a10da4f73370,Answer,Russia,Moscow,What role do you play in the purchasing decision making process?,Advisory role
261,tanja+182_jiPa_jNR0@bss.com.mk,M,fi1h2gygfcwed97ls0e0c31v,5c8a78336d41a10da4f7336c,,5c8a78336d41a10da4f73370,Answer,Russia,Ivanovo Region,What role do you play in the purchasing decision making process?,Advisory role
262,daniela.p+203_NfBj_TkuP@bss.com.mk,M,kyxbogwp6p8ixqs8ds25v2w6,5c8a78336d41a10da4f7336c,,5c8a78336d41a10da4f73370,Answer,Russia,Moscow Region,What role do you play in the purchasing decision making process?,Advisory role
263,daniela.p+200_IzcX_T1OA@bss.com.mk,M,5k1w1e9g4pqtjq6kaswik438,5c8a78336d41a10da4f7336c,,5c8a78336d41a10da4f73370,Answer,Russia,Moscow,What role do you play in the purchasing decision making process?,Advisory role
264,daniela.p+200_IzcX_pGIR@bss.com.mk,F,jucfn0c2jtisba29n87e4evt,5c8a78336d41a10da4f7336c,,5c8a78336d41a10da4f73370,Answer,Russia,Moscow,What role do you play in the purchasing decision making process?,Advisory role
265,daniela.p+203_NfBj_8KQ3@bss.com.mk,M,ti4o4ov436gn8yp3j1c61svm,5c8a78336d41a10da4f7336c,,5c8a78336d41a10da4f73370,Answer,Russia,Moscow Region,What role do you play in the purchasing decision making process?,Advisory role
266,tanja+182_jiPa_MVxX@bss.com.mk,M,e8bxsksz9xo25tg7tvo7z2ho,5c8a78336d41a10da4f7336c,,5c8a78336d41a10da4f73370,Answer,Russia,Ivanovo Region,What role do you play in the purchasing decision making process?,Advisory role
267,tanja+182_jiPa_ARQM@bss.com.mk,M,aq4v0kee568ttej8iiemf43d,5c8a78336d41a10da4f7336c,,5c8a78336d41a10da4f73370,Answer,Russia,Ivanovo Region,What role do you play in the purchasing decision making process?,Advisory role
268,tatjana+182_N1PC_oo6l@bss.mk,F,o1qflq1vwy0ysoicvlsg1ftt,5c8a78336d41a10da4f7336c,,5c8a78336d41a10da4f73370,Answer,Russia,Moscow Region,What role do you play in the purchasing decision making process?,Advisory role
269,daniela.p+203_NfBj_R5H7@bss.com.mk,M,f9l91z1a20tmyrx0lk7tcbw0,5c8a78336d41a10da4f7336c,,5c8a78336d41a10da4f73370,Answer,Russia,Moscow Region,What role do you play in the purchasing decision making process?,Advisory role
270,daniela.p+203_NfBj_DuMy@bss.com.mk,M,q6d3mph828gjpg1cu7vsqkx4,5c8a78336d41a10da4f7336c,,5c8a78336d41a10da4f73370,Answer,Russia,Moscow Region,What role do you play in the purchasing decision making process?,Advisory role
271,tanja+182_jiPa_5IoL@bss.com.mk,M,35d97gdotgwa5lwpd0vs7k0h,5c8a78336d41a10da4f7336c,,5c8a78336d41a10da4f73370,Answer,Russia,Ivanovo Region,What role do you play in the purchasing decision making process?,Advisory role
272,daniela.p+203_NfBj_zBgp@bss.com.mk,M,fo9fdaazpqxsftbbgkrxi6w6,5c8a78336d41a10da4f7336c,,5c8a78336d41a10da4f73370,Answer,Russia,Moscow Region,What role do you play in the purchasing decision making process?,Advisory role
273,tanja+182_jiPa_H11i@bss.com.mk,F,fs5gjd2k2z3o2gif5gni04rs,5c8a78336d41a10da4f7336c,,5c8a78336d41a10da4f73370,Answer,Russia,Ivanovo Region,What role do you play in the purchasing decision making process?,Advisory role
274,aleksandar.dimkov+mb1_Xc8j_vvSH@bss.com.mk,M,y67npjis9odvv7cgl9867epq,5c8a78336d41a10da4f7336c,,5c8a78336d41a10da4f73370,Answer,Russia,Moscow,What role do you play in the purchasing decision making process?,Advisory role
275,tanja+182_jiPa_Nfsx@bss.com.mk,F,6k29ezb4owiomwpfb12502zq,5c8a78336d41a10da4f7336c,,5c8a78336d41a10da4f73370,Answer,Russia,Ivanovo Region,What role do you play in the purchasing decision making process?,Advisory role
276,tanja+182_jiPa_YaEw@bss.com.mk,F,rh5y4efxr5rhh3m5u178w86t,5c8a78336d41a10da4f7336c,,5c8a78336d41a10da4f73370,Answer,Russia,Ivanovo Region,What role do you play in the purchasing decision making process?,Advisory role
277,daniela.p+203_NfBj_lrIk@bss.com.mk,M,0wcaegyyobblhhvfzwyibn0a,5c8a78336d41a10da4f7336c,,5c8a78336d41a10da4f73370,Answer,Russia,Moscow Region,What role do you play in the purchasing decision making process?,Advisory role
278,daniela.p+203_NfBj_WAMQ@bss.com.mk,F,nbaqmxp4ox9elnfzdq0fykn8,5c8a78336d41a10da4f7336c,,5c8a78336d41a10da4f73370,Answer,Russia,Moscow Region,What role do you play in the purchasing decision making process?,Advisory role
279,daniela.p+200_IzcX_vB6s@bss.com.mk,M,y10ilgiji2mozv41r1uvfwo2,5c8a78336d41a10da4f7336c,,5c8a78336d41a10da4f73370,Answer,Russia,Moscow,What role do you play in the purchasing decision making process?,Advisory role
280,daniela.p+200_IzcX_QOfF@bss.com.mk,M,uud1nluegdqmisnfzpg75iqg,5c8a78336d41a10da4f7336c,,5c8a78336d41a10da4f73370,Answer,Russia,Moscow,What role do you play in the purchasing decision making process?,Advisory role
281,daniela.p+200_IzcX_CIHU@bss.com.mk,M,mv0j9yovwhgmtif9l1naciko,5c8a78336d41a10da4f7336c,,5c8a78336d41a10da4f73370,Answer,Russia,Moscow,What role do you play in the purchasing decision making process?,Advisory role
282,aleksandar.dimkov+mitt10_V0iB@bss.com.mk,M,67b5f1392d21f543a10965f1,5c8a78336d41a10da4f73225,,5c8a78336d41a10da4f7323b,Answer,Russia,Moscow Region,Which of the following best describes your job function?,Visa support
283,daniela.p+201_Fwae@bss.com.mk,M,67b47874197e604dd2722d6f,5c8a78336d41a10da4f73225,,5c8a78336d41a10da4f7323b,Answer,Russia,Ivanovo Region,Which of the following best describes your job function?,Visa support
284,daniela.p+203_NfBj@bss.com.mk,F,67b70e142d21f543a1096609,5c8a78336d41a10da4f73225,,5c8a78336d41a10da4f7323b,Answer,Russia,Moscow Region,Which of the following best describes your job function?,Visa support
285,aleksandar.dimkov+mitt10_V0iB_2bw2@bss.com.mk,M,3p80z1iocd67z0qvg8ju1cc0,5c8a78336d41a10da4f73225,,5c8a78336d41a10da4f7323b,Answer,Russia,Moscow Region,Which of the following best describes your job function?,Visa support
286,aleksandar.dimkov+mitt10_V0iB_UmV3@bss.com.mk,M,szwocc75sg060he43kny1pzv,5c8a78336d41a10da4f73225,,5c8a78336d41a10da4f7323b,Answer,Russia,Moscow Region,Which of the following best describes your job function?,Visa support
287,daniela.p+203_NfBj_TkuP@bss.com.mk,M,kyxbogwp6p8ixqs8ds25v2w6,5c8a78336d41a10da4f73225,,5c8a78336d41a10da4f7323b,Answer,Russia,Moscow Region,Which of the following best describes your job function?,Visa support
288,aleksandar.dimkov+mitt10_V0iB_GLVX@bss.com.mk,M,unfq2oxirwh1d7iqfgqxwdcd,5c8a78336d41a10da4f73225,,5c8a78336d41a10da4f7323b,Answer,Russia,Moscow Region,Which of the following best describes your job function?,Visa support
289,daniela.p+203_NfBj_8KQ3@bss.com.mk,M,ti4o4ov436gn8yp3j1c61svm,5c8a78336d41a10da4f73225,,5c8a78336d41a10da4f7323b,Answer,Russia,Moscow Region,Which of the following best describes your job function?,Visa support
290,aleksandar.dimkov+mitt10_V0iB_21BI@bss.com.mk,F,bqg1ucjqk14u5av22n0jfhjb,5c8a78336d41a10da4f73225,,5c8a78336d41a10da4f7323b,Answer,Russia,Moscow Region,Which of the following best describes your job function?,Visa support
291,daniela.p+203_NfBj_R5H7@bss.com.mk,M,f9l91z1a20tmyrx0lk7tcbw0,5c8a78336d41a10da4f73225,,5c8a78336d41a10da4f7323b,Answer,Russia,Moscow Region,Which of the following best describes your job function?,Visa support
292,daniela.p+203_NfBj_DuMy@bss.com.mk,M,q6d3mph828gjpg1cu7vsqkx4,5c8a78336d41a10da4f73225,,5c8a78336d41a10da4f7323b,Answer,Russia,Moscow Region,Which of the following best describes your job function?,Visa support
293,daniela.p+201_Fwae_AK8l@bss.com.mk,M,yxyhdns9mr7s3k8wdhbd7n5k,5c8a78336d41a10da4f73225,,5c8a78336d41a10da4f7323b,Answer,Russia,Ivanovo Region,Which of the following best describes your job function?,Visa support
294,daniela.p+203_NfBj_zBgp@bss.com.mk,M,fo9fdaazpqxsftbbgkrxi6w6,5c8a78336d41a10da4f73225,,5c8a78336d41a10da4f7323b,Answer,Russia,Moscow Region,Which of the following best describes your job function?,Visa support
295,daniela.p+201_Fwae_HTYS@bss.com.mk,M,nwgueloa1n8u9v2eegzvfamb,5c8a78336d41a10da4f73225,,5c8a78336d41a10da4f7323b,Answer,Russia,Ivanovo Region,Which of the following best describes your job function?,Visa support
296,daniela.p+203_NfBj_lrIk@bss.com.mk,M,0wcaegyyobblhhvfzwyibn0a,5c8a78336d41a10da4f73225,,5c8a78336d41a10da4f7323b,Answer,Russia,Moscow Region,Which of the following best describes your job function?,Visa support
297,daniela.p+203_NfBj_WAMQ@bss.com.mk,F,nbaqmxp4ox9elnfzdq0fykn8,5c8a78336d41a10da4f73225,,5c8a78336d41a10da4f7323b,Answer,Russia,Moscow Region,Which of the following best describes your job function?,Visa support
298,aleksandar.dimkov+mitt10_V0iB@bss.com.mk,M,67b5f1392d21f543a10965f1,5c8a78336d41a10da4f73252,,5c8a78336d41a10da4f73290,Answer,Russia,Moscow Region,Please indicate your company's main area of business,Tour Operator
299,3990147_SeNs@gmail.com,M,67b5e0f7774d9e718c7541db,5c8a78336d41a10da4f73252,,5c8a78336d41a10da4f73290,Answer,Somalia,,Please indicate your company's main area of business,Tour Operator
300,daniela.p+201_Fwae@bss.com.mk,M,67b47874197e604dd2722d6f,5c8a78336d41a10da4f73252,,5c8a78336d41a10da4f73290,Answer,Russia,Ivanovo Region,Please indicate your company's main area of business,Tour Operator
301,daniela.p+203_NfBj@bss.com.mk,F,67b70e142d21f543a1096609,5c8a78336d41a10da4f73252,,5c8a78336d41a10da4f73290,Answer,Russia,Moscow Region,Please indicate your company's main area of business,Tour Operator
302,aleksandar.dimkov+mitt10_V0iB_2bw2@bss.com.mk,M,3p80z1iocd67z0qvg8ju1cc0,5c8a78336d41a10da4f73252,,5c8a78336d41a10da4f73290,Answer,Russia,Moscow Region,Please indicate your company's main area of business,Tour Operator
303,aleksandar.dimkov+mitt10_V0iB_UmV3@bss.com.mk,M,szwocc75sg060he43kny1pzv,5c8a78336d41a10da4f73252,,5c8a78336d41a10da4f73290,Answer,Russia,Moscow Region,Please indicate your company's main area of business,Tour Operator
304,daniela.p+203_NfBj_TkuP@bss.com.mk,M,kyxbogwp6p8ixqs8ds25v2w6,5c8a78336d41a10da4f73252,,5c8a78336d41a10da4f73290,Answer,Russia,Moscow Region,Please indicate your company's main area of business,Tour Operator
305,aleksandar.dimkov+mitt10_V0iB_GLVX@bss.com.mk,M,unfq2oxirwh1d7iqfgqxwdcd,5c8a78336d41a10da4f73252,,5c8a78336d41a10da4f73290,Answer,Russia,Moscow Region,Please indicate your company's main area of business,Tour Operator
306,daniela.p+203_NfBj_8KQ3@bss.com.mk,M,ti4o4ov436gn8yp3j1c61svm,5c8a78336d41a10da4f73252,,5c8a78336d41a10da4f73290,Answer,Russia,Moscow Region,Please indicate your company's main area of business,Tour Operator
307,aleksandar.dimkov+mitt10_V0iB_21BI@bss.com.mk,F,bqg1ucjqk14u5av22n0jfhjb,5c8a78336d41a10da4f73252,,5c8a78336d41a10da4f73290,Answer,Russia,Moscow Region,Please indicate your company's main area of business,Tour Operator
308,daniela.p+203_NfBj_R5H7@bss.com.mk,M,f9l91z1a20tmyrx0lk7tcbw0,5c8a78336d41a10da4f73252,,5c8a78336d41a10da4f73290,Answer,Russia,Moscow Region,Please indicate your company's main area of business,Tour Operator
309,daniela.p+203_NfBj_DuMy@bss.com.mk,M,q6d3mph828gjpg1cu7vsqkx4,5c8a78336d41a10da4f73252,,5c8a78336d41a10da4f73290,Answer,Russia,Moscow Region,Please indicate your company's main area of business,Tour Operator
310,daniela.p+201_Fwae_AK8l@bss.com.mk,M,yxyhdns9mr7s3k8wdhbd7n5k,5c8a78336d41a10da4f73252,,5c8a78336d41a10da4f73290,Answer,Russia,Ivanovo Region,Please indicate your company's main area of business,Tour Operator
311,daniela.p+203_NfBj_zBgp@bss.com.mk,M,fo9fdaazpqxsftbbgkrxi6w6,5c8a78336d41a10da4f73252,,5c8a78336d41a10da4f73290,Answer,Russia,Moscow Region,Please indicate your company's main area of business,Tour Operator
312,3990147_SeNs_09Hr@gmail.com,F,sl0pqtnqavydiqidf8nxzrea,5c8a78336d41a10da4f73252,,5c8a78336d41a10da4f73290,Answer,Somalia,,Please indicate your company's main area of business,Tour Operator
313,daniela.p+201_Fwae_HTYS@bss.com.mk,M,nwgueloa1n8u9v2eegzvfamb,5c8a78336d41a10da4f73252,,5c8a78336d41a10da4f73290,Answer,Russia,Ivanovo Region,Please indicate your company's main area of business,Tour Operator
314,daniela.p+203_NfBj_lrIk@bss.com.mk,M,0wcaegyyobblhhvfzwyibn0a,5c8a78336d41a10da4f73252,,5c8a78336d41a10da4f73290,Answer,Russia,Moscow Region,Please indicate your company's main area of business,Tour Operator
315,3990147_SeNs_mVZi@gmail.com,F,wgf8glx8axdaq94290uynav9,5c8a78336d41a10da4f73252,,5c8a78336d41a10da4f73290,Answer,Somalia,,Please indicate your company's main area of business,Tour Operator
316,daniela.p+203_NfBj_WAMQ@bss.com.mk,F,nbaqmxp4ox9elnfzdq0fykn8,5c8a78336d41a10da4f73252,,5c8a78336d41a10da4f73290,Answer,Russia,Moscow Region,Please indicate your company's main area of business,Tour Operator
317,tanja+182_Ahsx@bss.mk,M,67b45356197e604dd2722d43,5c8a78336d41a10da4f73252,,5c8a78336d41a10da4f73293,Answer,North Macedonia,,Please indicate your company's main area of business,IT solutions for travel industry
318,tanja+182_Ahsx_hqUn@bss.mk,F,h6m3ppqa2ui8z922ddkcrdxz,5c8a78336d41a10da4f73252,,5c8a78336d41a10da4f73293,Answer,North Macedonia,,Please indicate your company's main area of business,IT solutions for travel industry
319,tanja+182_Ahsx_Lcd6@bss.mk,M,yzc27c0f8w2ortjytg54wtmh,5c8a78336d41a10da4f73252,,5c8a78336d41a10da4f73293,Answer,North Macedonia,,Please indicate your company's main area of business,IT solutions for travel industry
320,tanja+182_Ahsx@bss.mk,M,67b45356197e604dd2722d43,5c8a78336d41a10da4f7336c,,5c8a78336d41a10da4f73374,Answer,North Macedonia,,What is your company's annual purchasing budget?,1 - 5 million rubles
321,tanja+202_99oJ@bss.mk,F,67b708f32d21f543a10965fa,5c8a78336d41a10da4f7336c,,5c8a78336d41a10da4f73374,Answer,Russia,Moscow,What is your company's annual purchasing budget?,1 - 5 million rubles
322,tanja+242_B3fl@bss.com.mk,F,67bcb979966b8de398095c90,5c8a78336d41a10da4f7336c,,5c8a78336d41a10da4f73374,Answer,North Macedonia,,What is your company's annual purchasing budget?,1 - 5 million rubles
323,tanja+202_99oJ_VzXA@bss.mk,F,hcrco3j3ndo542hbg2twb0np,5c8a78336d41a10da4f7336c,,5c8a78336d41a10da4f73374,Answer,Russia,Moscow,What is your company's annual purchasing budget?,1 - 5 million rubles
324,tanja+182_Ahsx_hqUn@bss.mk,F,h6m3ppqa2ui8z922ddkcrdxz,5c8a78336d41a10da4f7336c,,5c8a78336d41a10da4f73374,Answer,North Macedonia,,What is your company's annual purchasing budget?,1 - 5 million rubles
325,tanja+182_Ahsx_Lcd6@bss.mk,M,yzc27c0f8w2ortjytg54wtmh,5c8a78336d41a10da4f7336c,,5c8a78336d41a10da4f73374,Answer,North Macedonia,,What is your company's annual purchasing budget?,1 - 5 million rubles
326,tanja+202_99oJ@bss.mk,F,67b708f32d21f543a10965fa,5c8a78336d41a10da4f73252,,5c8a78336d41a10da4f73292,Answer,Russia,Moscow,Please indicate your company's main area of business,Accommodation Provider
327,tanja+202_99oJ_VzXA@bss.mk,F,hcrco3j3ndo542hbg2twb0np,5c8a78336d41a10da4f73252,,5c8a78336d41a10da4f73292,Answer,Russia,Moscow,Please indicate your company's main area of business,Accommodation Provider
328,daniela.p+200_IzcX@bss.com.mk,F,67b47714197e604dd2722d69,5c8a78336d41a10da4f73225,,5c8a78336d41a10da4f7323d,Answer,Russia,Moscow,Which of the following best describes your job function?,Guided tour services
329,daniela.p+200_IzcX_T1OA@bss.com.mk,M,5k1w1e9g4pqtjq6kaswik438,5c8a78336d41a10da4f73225,,5c8a78336d41a10da4f7323d,Answer,Russia,Moscow,Which of the following best describes your job function?,Guided tour services
330,daniela.p+200_IzcX_pGIR@bss.com.mk,F,jucfn0c2jtisba29n87e4evt,5c8a78336d41a10da4f73225,,5c8a78336d41a10da4f7323d,Answer,Russia,Moscow,Which of the following best describes your job function?,Guided tour services
331,daniela.p+200_IzcX_vB6s@bss.com.mk,M,y10ilgiji2mozv41r1uvfwo2,5c8a78336d41a10da4f73225,,5c8a78336d41a10da4f7323d,Answer,Russia,Moscow,Which of the following best describes your job function?,Guided tour services
332,daniela.p+200_IzcX_QOfF@bss.com.mk,M,uud1nluegdqmisnfzpg75iqg,5c8a78336d41a10da4f73225,,5c8a78336d41a10da4f7323d,Answer,Russia,Moscow,Which of the following best describes your job function?,Guided tour services
333,daniela.p+200_IzcX_CIHU@bss.com.mk,M,mv0j9yovwhgmtif9l1naciko,5c8a78336d41a10da4f73225,,5c8a78336d41a10da4f7323d,Answer,Russia,Moscow,Which of the following best describes your job function?,Guided tour services
334,daniela.p+203_NfBj@bss.com.mk,F,67b70e142d21f543a1096609,5c8a78336d41a10da4f730fd,,5c8a78336d41a10da4f73102,Answer,Russia,Moscow Region,Reason for Attending the Event,Educational purposes 
335,daniela.p+203_NfBj_TkuP@bss.com.mk,M,kyxbogwp6p8ixqs8ds25v2w6,5c8a78336d41a10da4f730fd,,5c8a78336d41a10da4f73102,Answer,Russia,Moscow Region,Reason for Attending the Event,Educational purposes 
336,daniela.p+203_NfBj_8KQ3@bss.com.mk,M,ti4o4ov436gn8yp3j1c61svm,5c8a78336d41a10da4f730fd,,5c8a78336d41a10da4f73102,Answer,Russia,Moscow Region,Reason for Attending the Event,Educational purposes 
337,daniela.p+203_NfBj_R5H7@bss.com.mk,M,f9l91z1a20tmyrx0lk7tcbw0,5c8a78336d41a10da4f730fd,,5c8a78336d41a10da4f73102,Answer,Russia,Moscow Region,Reason for Attending the Event,Educational purposes 
338,daniela.p+203_NfBj_DuMy@bss.com.mk,M,q6d3mph828gjpg1cu7vsqkx4,5c8a78336d41a10da4f730fd,,5c8a78336d41a10da4f73102,Answer,Russia,Moscow Region,Reason for Attending the Event,Educational purposes 
339,daniela.p+203_NfBj_zBgp@bss.com.mk,M,fo9fdaazpqxsftbbgkrxi6w6,5c8a78336d41a10da4f730fd,,5c8a78336d41a10da4f73102,Answer,Russia,Moscow Region,Reason for Attending the Event,Educational purposes 
340,daniela.p+203_NfBj_lrIk@bss.com.mk,M,0wcaegyyobblhhvfzwyibn0a,5c8a78336d41a10da4f730fd,,5c8a78336d41a10da4f73102,Answer,Russia,Moscow Region,Reason for Attending the Event,Educational purposes 
341,daniela.p+203_NfBj_WAMQ@bss.com.mk,F,nbaqmxp4ox9elnfzdq0fykn8,5c8a78336d41a10da4f730fd,,5c8a78336d41a10da4f73102,Answer,Russia,Moscow Region,Reason for Attending the Event,Educational purposes 
342,daniela.p+202_Rw2b@bss.com.mk,F,67b70c7a2d21f543a1096605,5c8a78336d41a10da4f73225,,5c8a78336d41a10da4f73229,Answer,Russia,Moscow,Which of the following best describes your job function?,Marketing
343,daniela.p+202_Rw2b_0LXC@bss.com.mk,M,xy1nr3sp1vp7r17vtxyg683k,5c8a78336d41a10da4f73225,,5c8a78336d41a10da4f73229,Answer,Russia,Moscow,Which of the following best describes your job function?,Marketing
344,daniela.p+202_Rw2b_MtGK@bss.com.mk,F,7z4ymlbvgu3ct7w8qjeaycts,5c8a78336d41a10da4f73225,,5c8a78336d41a10da4f73229,Answer,Russia,Moscow,Which of the following best describes your job function?,Marketing
345,daniela.p+202_Rw2b_20IK@bss.com.mk,M,8iqywq3m81tjxwfrd0jijyth,5c8a78336d41a10da4f73225,,5c8a78336d41a10da4f73229,Answer,Russia,Moscow,Which of the following best describes your job function?,Marketing
346,daniela.p+202_Rw2b_ZF2k@bss.com.mk,M,wzh3p4rs1362l62x4dh2dikd,5c8a78336d41a10da4f73225,,5c8a78336d41a10da4f73229,Answer,Russia,Moscow,Which of the following best describes your job function?,Marketing
347,daniela.p+202_Rw2b_Oi3B@bss.com.mk,M,sou8pmpid2soba8goi4y1p5x,5c8a78336d41a10da4f73225,,5c8a78336d41a10da4f73229,Answer,Russia,Moscow,Which of the following best describes your job function?,Marketing
348,daniela.p+151_o4q3@bss.com.mk,F,67b45942197e604dd2722d45,5c8a78336d41a10da4f730fd,,5c8a78336d41a10da4f73103,Answer,Russia,Leningrad Region,Reason for Attending the Event,Personal interest
349,emilija_x3WF@bss.com.mk,F,67b461e3197e604dd2722d4e,5c8a78336d41a10da4f730fd,,5c8a78336d41a10da4f73103,Answer,North Macedonia,,Reason for Attending the Event,Personal interest
350,sergey.usenko_ucwx@ite.group,F,67b5e25c774d9e718c7541de,5c8a78336d41a10da4f730fd,,5c8a78336d41a10da4f73103,Answer,New Zealand,,Reason for Attending the Event,Personal interest
351,sergey.usenko_ucwx_ar23@ite.group,M,8lgk75oddjwupbeoh3j4r1rx,5c8a78336d41a10da4f730fd,,5c8a78336d41a10da4f73103,Answer,New Zealand,,Reason for Attending the Event,Personal interest
352,emilija_x3WF_SgHa@bss.com.mk,M,vf4ns9sm2nfsdesl31l9rgc5,5c8a78336d41a10da4f730fd,,5c8a78336d41a10da4f73103,Answer,North Macedonia,,Reason for Attending the Event,Personal interest
353,sergey.usenko_ucwx_aQ8I@ite.group,M,nzv2hgwyl8q24ej1kettdg8t,5c8a78336d41a10da4f730fd,,5c8a78336d41a10da4f73103,Answer,New Zealand,,Reason for Attending the Event,Personal interest
354,sergey.usenko_ucwx_DPxA@ite.group,F,1o5g2tlsho4gxzk3usr06z1c,5c8a78336d41a10da4f730fd,,5c8a78336d41a10da4f73103,Answer,New Zealand,,Reason for Attending the Event,Personal interest
355,sergey.usenko_ucwx_DprR@ite.group,M,kae434rtpet3dnb8g3khop04,5c8a78336d41a10da4f730fd,,5c8a78336d41a10da4f73103,Answer,New Zealand,,Reason for Attending the Event,Personal interest
356,emilija_x3WF_2hGj@bss.com.mk,F,aj19tvz00ofz9t18chg8dm1r,5c8a78336d41a10da4f730fd,,5c8a78336d41a10da4f73103,Answer,North Macedonia,,Reason for Attending the Event,Personal interest
357,sergey.usenko_ucwx_BVBu@ite.group,F,mabr1wv773qmje0ttq0qwtbg,5c8a78336d41a10da4f730fd,,5c8a78336d41a10da4f73103,Answer,New Zealand,,Reason for Attending the Event,Personal interest
358,emilija_x3WF_b5QU@bss.com.mk,M,8oyg0bjxvux1vlfakoiaj7jv,5c8a78336d41a10da4f730fd,,5c8a78336d41a10da4f73103,Answer,North Macedonia,,Reason for Attending the Event,Personal interest
359,daniela.p+151_o4q3_Mt3G@bss.com.mk,M,m8scogphlixjvlwkks009zl9,5c8a78336d41a10da4f730fd,,5c8a78336d41a10da4f73103,Answer,Russia,Leningrad Region,Reason for Attending the Event,Personal interest
360,emilija_x3WF_Ge24@bss.com.mk,M,fxtyirzcqhb0t8w66n1rrg1u,5c8a78336d41a10da4f730fd,,5c8a78336d41a10da4f73103,Answer,North Macedonia,,Reason for Attending the Event,Personal interest
